source_id,z,m1_Msun,m2_Msun,total_mass_Msun,chirp_mass_Msun,q,DL_Mpc,t_c_yr,f_gw_start_hz,f_gw_isco_hz,Lambda,Beta,iota,psi_rad,var_phi,phi_c,eccentricity,engine,score_proxy,signal_rss,signal_max,catalog_kind
mbhb_0001,0.1651155048825984,462709.54533863784,168489.1204742932,631198.665812931,237189.2373890958,0.36413582164375496,816.9962158326983,0.01594188303545322,0.0004365748424232383,0.005979137645251539,5.365743014369871,0.30937498618068443,2.6568966694048846,1.290430280848458,1.4091445311345823,2.185965896402294,0.0,bhb_EccFD,8258.966282347865,1.8112654585075997e-21,4.6273936313596517e-20,tianqin_validated_mbhb
mbhb_0002,0.2416408387240795,872657.151243579,118678.96797089209,991336.1192144711,256972.27053248434,0.1359972445097925,1249.1219441774713,0.013620442048738378,0.00042332891222448583,0.003572372083502894,4.855202167563142,-0.6698675213005988,0.5811584356983887,1.3158850252096184,1.9503856645502737,2.1384663458090682,0.0,bhb_EccFD,6724.3586104925225,4.755479143977646e-22,9.866857847723733e-21,tianqin_validated_mbhb
mbhb_0003,0.4956599858558589,608896.4156165104,495188.6042786944,1104085.0198952048,477516.0045223282,0.8132559029392771,2881.430951771597,0.03888161429764091,0.00017263701804219212,0.002662797943996136,2.386528109926821,0.7701738765039593,0.7023899656825591,2.892683668152847,1.7553140804546148,1.6474907048760932,0.0,bhb_EccFD,6140.198509462897,2.6315209819035296e-22,5.072681926474795e-21,tianqin_validated_mbhb
mbhb_0004,0.36706188868686335,1882564.8678318225,541403.1934355916,2423968.061267414,847338.7719984376,0.2875880681121674,2020.25082087456,0.4536565692317156,5.07867067597224e-05,0.0013269621522704364,5.296124761983904,0.2045732169866799,1.2382718293728192,3.1197393399646973,0.5250179676015652,6.247448635166295,0.0,bhb_EccFD,8673.016409091404,1.8371278466679526e-22,2.5850847944973036e-21,tianqin_validated_mbhb
mbhb_0005,0.4738260284122352,911795.7715095589,651785.9332333258,1563581.7047428847,669233.1083279576,0.7148376353558169,2730.6672100119454,0.0928115786525934,0.00010181469227851889,0.0019081249183957785,1.0501505456339095,-1.150237996137523,2.6277462719817244,1.6679240948127223,5.267819989574995,4.247809771687634,0.0,bhb_EccFD,7803.886192156902,1.6740401333194514e-22,2.965097255257598e-21,tianqin_validated_mbhb
mbhb_0006,0.5360500516190531,772193.8058277392,330901.3632583446,1103095.1690860838,432446.43922025943,0.4285211313028353,3164.8855881215945,0.05575305119776735,0.00015780263113239926,0.0025951069181170705,5.462992574191424,0.8190607053344342,1.1536593040128165,0.5277116380169898,2.8501234976953755,0.3650136836666903,0.0,bhb_EccFD,4666.031144320852,1.6025928198263217e-22,3.545497992122483e-21,tianqin_validated_mbhb
mbhb_0007,0.3619084821100106,3655986.09730517,1156649.7180142733,4812635.815319443,1734791.2995375295,0.31637147604769067,1987.1513411345031,0.045922316029183306,7.678831617779756e-05,0.0006708766584129707,5.276699094802709,0.5414483466971467,2.050751043235023,0.22211837685121974,2.5157132375135824,5.4670038899394955,0.0,bhb_EccFD,38102.8755507161,1.457912934467787e-22,1.5136568161247065e-21,tianqin_validated_mbhb
mbhb_0008,0.4130260399933719,2391989.2732152087,878023.5058761383,3270012.779091347,1231542.297388449,0.36706832915514603,2320.451567961418,0.1163868210718537,6.558996886594588e-05,0.0009516428525553188,4.108267546990373,0.0016876516403929375,2.5366398356619135,1.9571649975080523,5.123771639241339,5.563541376783551,0.0,bhb_EccFD,17646.21653943531,1.3930365744408673e-22,1.7461525267791092e-21,tianqin_validated_mbhb
mbhb_0009,0.5601088461954912,887112.7546336425,319677.5278176882,1206790.2824513307,452155.8956664943,0.3603572670417841,3336.4413228371996,0.014573288264901924,0.00025137091091615685,0.0023355378047937984,3.83765667383065,0.20449857781286407,2.8868416201124703,2.118971109260323,5.012805833870525,4.149211330823421,0.0,bhb_EccFD,6673.162237693793,1.3882624373346816e-22,3.2573101294908757e-21,tianqin_validated_mbhb
mbhb_0010,0.5320217029445006,769274.335678388,442842.7168856015,1212117.0525639895,504300.66172419826,0.575662928485816,3136.355608537927,0.011262185651772545,0.0002615748575606815,0.002367904193050761,3.9087582522314874,-0.879866939415722,2.5922877543065153,2.1276701687049995,0.35445418121855077,5.6285580703561315,0.0,bhb_EccFD,8483.260295014281,1.3264987592268405e-22,3.3499239097917755e-21,tianqin_validated_mbhb
mbhb_0011,1.1548053880793263,763781.8029137972,723862.8647828152,1487644.6676966124,647255.1589041951,0.9477351542303145,8077.111034156166,0.009624668064511954,0.00019180244742250958,0.0013717227535341933,5.367190209301092,-0.17151242389579885,2.457746111009734,0.5199369350137726,4.4802370102710904,2.0724847283856644,0.0,bhb_EccFD,7168.902365847545,1.1870596133658298e-22,1.962740654545619e-21,tianqin_validated_mbhb
mbhb_0012,0.7917826359655914,450715.86792757787,422436.2456241225,873152.1135517004,379822.27567058185,0.9372562088095833,5080.2933740679455,0.005871822647422838,0.00036148900516696857,0.0028105956655888912,0.7754151776906678,-0.2673868066137241,2.495073229961831,2.529449853771021,2.687352763895573,6.113672145211984,0.0,bhb_EccFD,5259.577526863582,1.089619130318809e-22,3.0068871485100425e-21,tianqin_validated_mbhb
mbhb_0013,0.5282837581647705,1268628.2595234239,779004.2379981102,2047632.497521534,860347.9303970492,0.6140524083002479,3109.9330412553822,0.09352979881217915,8.482443304488097e-05,0.0014051335198769252,5.73810433232936,-0.20214718808069498,1.5129786532673413,1.8735788100026747,2.6984106408101134,5.051592815055193,0.0,bhb_EccFD,9796.248618670646,1.0270119920207951e-22,1.8644060549525675e-21,tianqin_validated_mbhb
mbhb_0014,0.7357639107922036,898444.1267240772,461619.0278712765,1360063.1545953536,554565.7583489906,0.5137982587236004,4644.57948161556,0.12200195606064887,9.330097341666213e-05,0.0018626183428731157,6.182432689919032,-0.1998622881093129,2.1687395691193867,2.843333729642247,4.865270380044208,4.5128025453736695,0.0,bhb_EccFD,4156.398942685829,1.0045024123831549e-22,1.74915836097661e-21,tianqin_validated_mbhb
mbhb_0015,0.6235226511559027,926760.631195842,514821.04739669594,1441581.678592538,596219.9056511542,0.5555059527425097,3797.8232281670284,0.02234121140938548,0.00017572983610308072,0.0018787803054446143,6.16435904092138,1.293598966754119,0.8724838272541036,2.449770529989841,2.8308686070919302,1.2336090254496426,0.0,bhb_EccFD,7824.7468467811805,9.306321978533954e-23,1.765464781159883e-21,tianqin_validated_mbhb
mbhb_0016,0.6609115360919326,1863253.0035142165,344625.98951507616,2207878.9930292927,654299.9094028423,0.1849593098012396,4075.7880937151235,0.1405346863961158,8.202195447000694e-05,0.0011990901525572766,1.5490036319818408,-0.5677355101921908,2.1393232779648614,2.31319790308226,0.3543838593712128,4.3016518685941065,0.0,bhb_EccFD,5320.438356049702,8.537163227166615e-23,1.2869757107410024e-21,tianqin_validated_mbhb
mbhb_0017,0.6197143482054606,1998199.4997203937,520175.87899452494,2518375.3787149186,850842.8240925886,0.26032229467944146,3769.751590172464,0.03060423819665474,0.00012522847501235612,0.0010779899479938758,1.179813689550643,-0.28378845161330957,0.9954943703843067,2.1007764924221664,1.9202576260293331,0.8472265651792401,0.0,bhb_EccFD,11331.888115694197,7.966992467236921e-23,1.042197537046595e-21,tianqin_validated_mbhb
mbhb_0018,0.5364342447649788,2689899.6874761106,450078.826057293,3139978.5135334036,892132.7133118344,0.1673217883004384,3167.6095094369307,0.35040956031606246,5.036402214844204e-05,0.0009114502128690524,5.663833068576651,-1.0390413866773731,0.6459819973617822,0.6058985467975474,1.9298398039703502,5.9184040023648485,0.0,bhb_EccFD,7282.061981251559,7.643607197130285e-23,1.0325531708179755e-21,tianqin_validated_mbhb
mbhb_0019,0.5762140933720994,1361581.1743972478,194272.5486068884,1555853.7230041362,412172.70907722175,0.14268157658164615,3452.3766222977633,0.022775871650688135,0.00022384061283257106,0.0017930385857026529,0.0338092599854118,0.3742115776348244,1.066513747006656,3.084015656439589,4.97314792723527,0.7430344309526996,0.0,bhb_EccFD,5203.934505766234,7.42692372496984e-23,1.2476470993210843e-21,tianqin_validated_mbhb
mbhb_0020,1.3407511157472207,965697.5039285568,841485.1235257548,1807182.6274543116,784390.1335391513,0.8713754774165894,9706.11921133467,0.11992692154576506,6.271951338008824e-05,0.0010394804439117634,5.314218486505016,-0.3448432899819885,2.273746661243831,1.208994108212162,3.8363581862795537,5.973282566977303,0.0,bhb_EccFD,4477.494914403767,7.308005948951577e-23,1.1347394126759868e-21,tianqin_validated_mbhb
mbhb_0021,0.6185269244042567,2346431.4650660185,1598046.5334891984,3944477.998555217,1679579.1297220832,0.6810539993522619,3761.0081593482564,0.021953985643339113,9.277015314185477e-05,0.0006887540077816648,5.536001033890045,0.30931311805519907,1.7212763143932313,2.526747288881681,0.7754948752664743,5.89021340073631,0.0,bhb_EccFD,28851.511466619577,7.23187848046887e-23,9.720593649557014e-22,tianqin_validated_mbhb
mbhb_0022,0.7041314359916333,1177036.7890751741,576555.1052624511,1753591.8943376252,708260.154301163,0.48983609570561015,4402.271537423056,0.07522006051274822,9.710486139262865e-05,0.0014714380694602297,2.9672771195997667,-0.20360098088765138,1.8321533801405108,2.6556042961093573,5.172102148096531,4.955685471439937,0.0,bhb_EccFD,6566.1427114012795,7.016503426685887e-23,1.1909104174011017e-21,tianqin_validated_mbhb
mbhb_0023,1.5474486160440233,1123295.6595157965,655290.7649054921,1778586.4244212885,741552.46398123,0.5833644591736062,11575.34547473023,0.0707737006168336,7.508782107796504e-05,0.0009704947703889582,5.451563619357981,0.19494188834212597,2.3500444042274107,1.044439639924518,0.22055741358724293,0.0018820073260429793,0.0,bhb_EccFD,4438.721511742226,6.849656155680109e-23,1.0886630093961632e-21,tianqin_validated_mbhb
mbhb_0024,1.2926601439361551,818140.0822505853,607814.7234146113,1425954.8056651966,612545.2541915139,0.7429225588637592,9279.669300747406,0.034350922965659086,0.00011851558683905001,0.0013450182061327631,2.5454525850453447,-1.2013622460259212,2.965260489566912,1.4838186113173741,0.03396254805810087,5.5257541272802815,0.0,bhb_EccFD,4579.108305970493,6.806150067299018e-23,1.3591069299658392e-21,tianqin_validated_mbhb
mbhb_0025,0.6491370773436654,1238168.6317252568,594746.7925342566,1832915.4242595134,737290.5343748737,0.48034393482052606,3987.7942459612505,0.10102022144506104,8.653928160246561e-05,0.0014547032980492384,3.157518242890455,-0.3568294518271377,1.3231029564158616,0.40916244922054923,5.650550244314241,2.5102961136179234,0.0,bhb_EccFD,6795.714709705518,6.370055435143589e-23,9.9961587400522e-22,tianqin_validated_mbhb
mbhb_0026,1.7349130326568059,1474685.9371013583,1073213.6346042382,2547899.5717055965,1092433.4030973515,0.7277574211589394,13315.751133260199,0.05164478517488011,6.345334957051353e-05,0.0006310267628264273,5.103914299020594,0.26660360274982586,0.5078259291367585,0.39787955718935486,0.7318327897899157,3.6598956025933598,0.0,bhb_EccFD,7404.598560158147,6.17314905562466e-23,8.020845094273567e-22,tianqin_validated_mbhb
mbhb_0027,1.315728003187093,812739.9381108602,801246.1747248779,1613986.112835738,702506.8829580562,0.9858580059290571,9483.799431438096,0.021311932115995778,0.00012930226934270046,0.0011764846475976283,2.6784553060562875,0.6330212825267317,0.8647172017133328,0.9949481917374569,2.115576284971035,6.260427897133457,0.0,bhb_EccFD,6067.1577808948,5.794750608935732e-23,9.231958404170111e-22,tianqin_validated_mbhb
mbhb_0028,1.204760530569728,2066376.9492854024,610324.2983033177,2676701.24758872,943935.1209576569,0.29535961408898836,8509.33615141354,0.045612403651431314,8.33355290335154e-05,0.0007450960797097154,2.4456156745738835,-0.8292833021601209,0.5918515964717929,0.2713223672309174,0.7165427504400999,6.123804375133337,0.0,bhb_EccFD,7606.12985319369,5.594637879648321e-23,7.2673741264003e-22,tianqin_validated_mbhb
mbhb_0029,1.131805568272015,1075102.1125393228,519421.50029461365,1594523.6128339365,642178.2488487451,0.4831368985665677,7879.539630728715,0.07029372194063774,9.20619874068035e-05,0.001293585259492537,1.3335277157787235,-1.0097763467252099,2.343129371725221,0.2770107244570842,0.5567630140444785,4.943859904239177,0.0,bhb_EccFD,4367.417327950203,5.530561921886791e-23,8.961522408926968e-22,tianqin_validated_mbhb
mbhb_0030,0.7979831624874769,1298018.1708747917,533046.242178004,1831064.4130527957,710373.3666679254,0.4106616179485074,5129.021108508384,0.14207396264855296,7.384361020870433e-05,0.0013356244564911004,2.157432792255693,0.6735305319205434,1.5144918089245645,1.921802423234461,5.461482615201694,2.879521497192907,0.0,bhb_EccFD,5159.741518722687,5.456523341163462e-23,1.1574341700260726e-21,tianqin_validated_mbhb
mbhb_0031,1.4455246158517057,1986869.7082100224,1624937.7583499884,3611807.466560011,1562639.3380738392,0.8178381056571145,10646.572763327244,0.027946428593141615,6.849508754306252e-05,0.0004978253127034786,5.047803912747619,0.09750631959167834,0.7927246862227925,1.0032374861890312,6.0108700146822445,2.8685381930860228,0.0,bhb_EccFD,14687.49650766426,5.380694467682134e-23,5.812618173385072e-22,tianqin_validated_mbhb
mbhb_0032,1.239713734464945,1332040.3458325693,1103937.1665387012,2435977.5123712705,1054732.6391758071,0.8287565538029583,8814.201480918942,0.052888423105495755,7.283355265874895e-05,0.0008059494760906179,2.1245702200392813,0.6227105461874344,2.1472571264455786,1.6861388021680415,4.119666244043246,5.226614325964703,0.0,bhb_EccFD,8290.795201050238,5.231403469128822e-23,7.392233482919452e-22,tianqin_validated_mbhb
mbhb_0033,0.7239499598084629,4615624.357006642,1351198.7094138134,5966823.066420455,2098075.8022959903,0.292744514046655,4553.759931811478,0.04048423814238551,6.169183025090343e-05,0.000427470146220516,5.796881001073272,0.634520764612038,2.0440540777762046,2.2108475838205655,3.2232893882397367,2.2979554971499416,0.0,bhb_EccFD,29220.749831966266,4.717637482442356e-23,4.167010624282826e-22,tianqin_validated_mbhb
mbhb_0034,1.0357242613418347,1132517.5127174433,950966.9088973124,2083484.4216147556,902751.3515811858,0.8396928950047708,7064.499498138853,0.043844477865746904,9.141732567696498e-05,0.0010367269666771268,4.806092266948038,-0.1620810979090704,1.5966166801462713,1.837602036371569,5.8517164462085525,1.900709045123479,0.0,bhb_EccFD,7920.442447792946,4.7064716425400464e-23,6.97540100447443e-22,tianqin_validated_mbhb
mbhb_0035,1.4343424764793054,2092170.216404464,593480.4365523229,2685650.652956787,934527.6378505522,0.283667376535098,10545.488688686753,0.06667838303009206,6.836329691348957e-05,0.0006725776150155714,4.650272530741829,-0.15042112728071702,2.428910076384389,1.7568498898945595,1.321161371223083,3.007668905321227,0.0,bhb_EccFD,6238.85655858315,4.6758443108173296e-23,5.807025656319763e-22,tianqin_validated_mbhb
mbhb_0036,1.9543267771334485,1810267.7468101012,1496654.3524421987,3306922.0992523,1431639.9310763904,0.8267585582737553,15399.341750836684,0.030435764461984448,6.226216943241301e-05,0.0004500814460004787,5.229236265268811,-0.3521759494780801,2.6462393614788664,1.5793614056578404,0.42450343377030175,1.1985568134738451,0.0,bhb_EccFD,11284.12526780276,4.442556698896369e-23,5.068406723764778e-22,tianqin_validated_mbhb
mbhb_0037,1.5028675620633396,1227695.4700124124,451986.2502966013,1679681.7203090137,633117.221453692,0.3681582781209022,11167.494440566486,0.013906299495079983,0.00015426608153537789,0.0010459447387104704,2.3464873133916675,-1.2171056243554716,2.7361272372062713,1.3469268420830318,4.990165859900044,4.741994309524403,0.0,bhb_EccFD,5547.464713144291,4.418891339231991e-23,7.390562995472236e-22,tianqin_validated_mbhb
mbhb_0038,1.416798863874924,2083324.3188888778,1104688.8493397592,3188013.168228637,1307657.7466225766,0.5302529420522173,10387.233888395784,0.0240551775669198,8.15903321410717e-05,0.0005707067256186407,3.124053944764892,-0.09659909832536251,0.35942815572657677,2.807389840591238,0.8397367484399914,4.0243060079943795,0.0,bhb_EccFD,12325.850287954834,4.362985868222748e-23,5.376248428365492e-22,tianqin_validated_mbhb
mbhb_0039,1.948762559280393,1298917.7179361766,727642.5836726734,2026560.30160885,839359.3694758608,0.5601914375521875,15345.939320130134,0.026728254747747246,9.13733864652811e-05,0.0007358245452583662,4.773352069158467,0.34507683498026626,2.332989295789962,2.0680486548720283,3.9308131614448727,5.8875945975227095,0.0,bhb_EccFD,5986.862004096304,4.229597930784363e-23,6.2251393331796885e-22,tianqin_validated_mbhb
mbhb_0040,1.6263084557794696,989601.5604351723,532835.991062983,1522437.5514981553,626216.42804945,0.5384348735552429,12302.636925831217,0.037442512442618786,0.00010396096490378127,0.0010997358580732996,5.452559865368133,-0.0016334890646516847,1.8832960427813852,2.27526500426833,4.480242883493043,0.3700306607409467,0.0,bhb_EccFD,4118.119783582122,4.215198976349004e-23,8.441851034752157e-22,tianqin_validated_mbhb
mbhb_0041,2.0411607994102408,1712055.3977863607,941374.9336264506,2653430.3314128113,1095485.7384560734,0.5498507436404347,16236.276187521538,0.052006704286207524,5.912211587955025e-05,0.0005449122010943742,5.963718634929633,-0.18092063344770884,2.8031957037293487,0.0833821637657142,6.23489638840947,3.234564008930627,0.0,bhb_EccFD,6946.35650065864,3.918718417381922e-23,5.0399822728260985e-22,tianqin_validated_mbhb
mbhb_0042,0.768960549985686,1311116.022372434,1257453.7162983418,2568569.7386707757,1117742.096608454,0.95907127579984,4901.789960099205,0.04102937191731749,8.953196477722635e-05,0.0009677520410743353,5.7391257059370755,-1.244954254646794,1.1181726202453226,0.3608224446289321,4.324096498501762,4.060055470088649,0.0,bhb_EccFD,12717.360171266146,3.6260615525832374e-23,5.641063799161273e-22,tianqin_validated_mbhb
mbhb_0043,1.3245772630928734,1118882.2610089951,292556.6220731251,1411438.8830821202,477599.8451948243,0.26147221407308835,9562.316838114426,0.013930536991241515,0.00019255641406691477,0.0013401936080401778,2.3593673473136247,-0.5046020379722355,1.496729818324436,2.8936712575524566,0.31514779785271213,5.65719226415505,0.0,bhb_EccFD,4151.029328205068,3.529971429937532e-23,6.993283771775915e-22,tianqin_validated_mbhb
mbhb_0044,1.3720180264837873,1329190.7717093613,447747.2573703239,1776938.0290796852,652886.5090350443,0.33685703128566974,9985.179826335003,0.037965132718103374,0.00010738271799786942,0.0010432378565016543,2.291610443115269,-0.4332007758306018,1.7089900951386159,1.7651117144691644,4.899466153288563,5.990073289874767,0.0,bhb_EccFD,4690.21952860304,3.487082900407622e-23,5.749533373028084e-22,tianqin_validated_mbhb
mbhb_0045,2.321240779795377,2079181.5423913233,1669028.1404118517,3748209.682803175,1619753.2741205937,0.8027332420872961,18977.849685772762,0.03609117913691074,5.0255357733739386e-05,0.00035322331763905536,2.4259433898196314,-0.22388847731421962,2.660400383520103,2.3018325854276123,1.8400905119973796,1.8581562478298588,0.0,bhb_EccFD,11851.953997358924,3.480050878664479e-23,3.604939491471094e-22,tianqin_validated_mbhb
mbhb_0046,1.2740287240423411,1243604.7383164,556964.1129049743,1800568.8512213742,713220.4746178776,0.44786264939694237,9115.382368075361,0.10900665929736285,7.024554869941898e-05,0.0010739100987429504,5.228408873579191,-0.8180532376123807,1.87236007194345,2.5368804847893642,4.007103131396652,1.343602995338148,0.0,bhb_EccFD,4181.549371267357,3.305683111405832e-23,6.062712630190301e-22,tianqin_validated_mbhb
mbhb_0047,1.5281813981222974,2851296.663580944,444658.51556093246,3295955.1791418763,908333.1252065431,0.15594957944589508,11398.778452707771,0.08716875380567095,6.146563309548735e-05,0.0005276963333978584,5.839079151884875,0.2310313216833162,2.393523105757456,3.1003159432176886,5.962329833945646,6.215408930683268,0.0,bhb_EccFD,5461.587550960526,3.1906140145911323e-23,3.8479930765320506e-22,tianqin_validated_mbhb
mbhb_0048,1.8400191737348832,950120.7266714383,520007.7391543734,1470128.4658258117,606459.917187712,0.5473070153685822,14308.023196318347,0.013364475390387391,0.0001486335876682941,0.0010531665246010045,1.926961178284642,0.696152543977649,2.004495400819643,2.707488703845011,0.17115948789099242,1.3909882505141682,0.0,bhb_EccFD,4853.301767197138,3.1849356337306826e-23,6.282742252699459e-22,tianqin_validated_mbhb
mbhb_0049,1.5303445062945937,927950.0183815999,827845.9258235731,1755795.944205173,762763.059369395,0.8921234004255808,11418.578813924754,0.11348506271693531,6.206449248065185e-05,0.0009897372355635137,1.5710619751343025,-0.16129365058460615,1.6048593421132682,2.832677483538872,0.17899955739714837,5.647411418243848,0.0,bhb_EccFD,4107.386730187798,3.157694510104475e-23,6.331651995782291e-22,tianqin_validated_mbhb
mbhb_0050,1.3961821346390444,778169.097008425,607742.9809060707,1385912.0779144957,597763.2659624625,0.7809908967632659,10201.788928114467,0.03937874221060968,0.00011121726027003575,0.0013240918118752603,5.061447405128985,-1.0729669118700038,1.1692564767657887,1.4029200447822001,0.07592381613065215,1.924520554309273,0.0,bhb_EccFD,4125.914360058318,3.1344748647723607e-23,5.743101109189836e-22,tianqin_validated_mbhb
mbhb_0051,1.105124302910585,1217828.6027006458,378814.0425779007,1596642.6452785465,572487.2237453896,0.31105694326594563,7651.510744494087,0.025773237856998196,0.0001452397373790392,0.0013082421439424342,3.022089398925041,0.5306915444241761,1.8154299304512211,2.231589585517407,0.10242099647662989,5.0432343827814075,0.0,bhb_EccFD,4928.5104775950595,3.0193508667298553e-23,6.198944015497359e-22,tianqin_validated_mbhb
mbhb_0052,1.7247391537838823,2843031.41366776,735339.4587622676,3578370.8724300275,1206214.7855974934,0.25864626582286526,13220.303833738368,0.07038730201860686,5.322886195594989e-05,0.0004509862726171053,4.4998078303250235,0.019271271990622493,0.7156742696349268,1.0528424691265892,6.114130668036867,5.362021048023132,0.0,bhb_EccFD,7776.293633401889,2.892392677331233e-23,3.1133298729087e-22,tianqin_validated_mbhb
mbhb_0053,2.3263163510790563,1971776.7570027905,1615739.4984607599,3587516.2554635503,1552310.7868636304,0.8194332815428728,19028.081792067806,0.03346073909649636,5.3044006944546e-05,0.0003684819145152303,2.9137097922694015,-0.20746587832338426,2.7564065175458285,2.2805226170548005,4.481854889135009,2.834488340799365,0.0,bhb_EccFD,11444.57270916008,2.8362980915359375e-23,3.203908520378659e-22,tianqin_validated_mbhb
mbhb_0054,1.3055129697222552,744138.0253944023,701190.9104987442,1445328.9358931466,628782.6151687617,0.9422860901740701,9393.307578123357,0.017082971449462196,0.0001509809653573776,0.0013195909796301873,4.6860058303637215,-0.8897542823739293,1.7593416491557754,0.1790942858205536,4.012972476109772,4.959429387459885,0.0,bhb_EccFD,5605.010289857521,2.818520598175249e-23,5.358630822462531e-22,tianqin_validated_mbhb
mbhb_0055,1.4086481261223776,1119187.8496571956,1033835.3950298424,2153023.244687038,936273.8340594554,0.923737150422517,10313.84986728198,0.020242888691971304,0.00010748273322329809,0.0008479134555664916,3.751247720250892,1.0663954552946753,0.7519916594387781,2.3582190175616713,0.4806438614963472,0.5826073962448577,0.0,bhb_EccFD,8500.25730979933,2.7284474813149294e-23,4.0704735683267114e-22,tianqin_validated_mbhb
mbhb_0056,1.3775062244416194,2107722.2589651034,1372372.4358901018,3480094.6948552052,1473849.0604126658,0.6511163556074697,10034.30520473557,0.035068152510510923,6.640863229862312e-05,0.0005314481275724908,4.0107730165304405,-0.40445933013145524,2.4566055189891407,1.6732130074561022,0.31053264241234524,3.218406552956474,0.0,bhb_EccFD,13211.541806381865,2.6956395653685165e-23,3.283566255279135e-22,tianqin_validated_mbhb
mbhb_0057,1.3040176461450774,548474.7695017925,401941.8680839549,950416.6375857474,407764.2381525248,0.7328356570513884,9380.073970065596,0.005846195614679763,0.0002959982884807207,0.0020080465398029388,2.783968846117201,1.2242743626297052,1.7680106887515303,0.3180898072245497,5.482483325286392,5.441914486233959,0.0,bhb_EccFD,4267.217334102458,2.6040185852390618e-23,5.652340525525001e-22,tianqin_validated_mbhb
mbhb_0058,2.063191233838335,1126118.4102189187,909242.1251095992,2035360.535328518,879893.0639317125,0.8074125392664895,16449.647220738512,0.021037964966914846,9.477027423304395e-05,0.0007052744409148736,3.969396039209171,0.6546066321298089,0.40009723779820927,2.6643065636855345,6.1263183124904845,0.24245993060585005,0.0,bhb_EccFD,6596.266257727998,2.5945862158280572e-23,4.1809147454675824e-22,tianqin_validated_mbhb
mbhb_0059,1.3271295280296167,2180301.8873685817,1149645.0076164948,3329946.8949850765,1364459.8836904431,0.5272870762883243,9584.983825025665,0.06172174380094359,5.713449427474722e-05,0.0005674345047283194,6.213217728512905,0.7750107675400913,2.049642788901613,1.1405239679856607,3.087697985799006,0.04715127317365005,0.0,bhb_EccFD,10616.37917240699,2.521470126725948e-23,3.190141401652247e-22,tianqin_validated_mbhb
mbhb_0060,1.3289669162119973,4539508.189141452,616942.1651705019,5156450.354311954,1336231.7481909555,0.1359050671273672,9601.30779223409,0.07170917171519814,5.469307387704497e-05,0.0003661503429752654,4.816835600264117,-0.41336526705332777,0.9066082500290017,2.8495621573538386,3.6970773216554558,0.6191216879329221,0.0,bhb_EccFD,9954.810680884224,2.4104687286093524e-23,2.299803396469131e-22,tianqin_validated_mbhb
mbhb_0061,2.368526296269106,1099076.5602742638,936770.4607389916,2035847.0210132555,882770.1752876214,0.8523250286633623,19446.538061676827,0.036082270870058546,7.280079023290452e-05,0.0006411926309382168,4.098512420811944,0.421266610553797,2.59216586034579,0.5016566801395735,1.028661540297323,0.10958751527111338,0.0,bhb_EccFD,5513.081604284724,2.398468837270542e-23,3.9962288290749086e-22,tianqin_validated_mbhb
mbhb_0062,1.2012204506188688,1488433.9782261336,763728.7062418694,2252162.684468003,918081.5557414624,0.5131088898897996,8478.569629547746,0.08634975744575216,6.681325288581393e-05,0.0008869728120983816,0.29170998986873575,-0.11362552368552771,2.034446926679349,0.5766655669869214,4.479196025855284,3.5665359377530663,0.0,bhb_EccFD,6273.267724631035,2.386025866278494e-23,3.789333247925381e-22,tianqin_validated_mbhb
mbhb_0063,1.4932825315728129,2159854.70660976,935611.3325590394,3095466.0391687993,1216653.1858817018,0.4331825329249261,11080.128280201156,0.027726870773777407,7.936459123427516e-05,0.0005697391553245551,0.6602513077277861,-0.1433226895668777,0.694709837856145,3.1056613868164678,3.7648683039604656,5.3309988902753505,0.0,bhb_EccFD,10595.063257620108,2.1670247004712478e-23,3.1076369641326507e-22,tianqin_validated_mbhb
mbhb_0064,1.8883251441935078,1340521.1467748936,861382.8843013849,2201904.0310762785,930941.2346771053,0.6425731413292148,14767.716564968556,0.0546902773377214,6.633298229380851e-05,0.0006913996220385053,0.12248911954950464,-1.0671336629665757,0.6163745379623796,1.6246624747130878,2.5419317098534715,0.3411796485120146,0.0,bhb_EccFD,5769.261806005932,2.0889286174630515e-23,3.8874234847451953e-22,tianqin_validated_mbhb
mbhb_0065,1.27380443169645,3896866.251587143,864522.7231365712,4761388.974723714,1516870.1859489023,0.2218507557924172,9113.407841101402,0.048681843490656046,5.9306180456446e-05,0.00040615035273448537,5.206446230994219,0.5161587046334329,1.6955834295686387,1.248751619964113,1.3816862016277738,4.942471131671532,0.0,bhb_EccFD,13138.779885295295,2.016873796274697e-23,2.4781492412064846e-22,tianqin_validated_mbhb
mbhb_0066,2.2659243045323603,2275473.6045668274,1395833.453402957,3671307.0579697844,1542336.3741032206,0.6134254647478875,18431.605169332244,0.03591230013616183,5.2461906614265864e-05,0.00036673028957639775,5.899469879545154,0.11002471898189055,1.0863130928112568,2.41869410723256,0.5801987922123069,3.923618397936714,0.0,bhb_EccFD,11254.034640194632,1.850113570196335e-23,2.0106697694276215e-22,tianqin_validated_mbhb
mbhb_0067,2.3848686847320844,966963.5148334261,872693.6836715322,1839657.1985049583,799495.0356551647,0.9025094228316014,19608.88842552053,0.0268708347961864,8.624265259643245e-05,0.0007061466061534595,5.780892467972611,0.0866540112463875,1.5409043254523132,1.7154403625394106,3.4432071159669837,1.2699783381636467,0.0,bhb_EccFD,5231.478230549731,1.7890917338165035e-23,3.7827391588826607e-22,tianqin_validated_mbhb
mbhb_0068,1.8856813570308457,1227823.7378784982,798217.2176382456,2026040.9555167437,857876.2131398162,0.6501073346386425,14742.50009113714,0.03869396243631145,7.952692881897126e-05,0.0007521024639078917,5.982911613354456,-0.5993749977070455,1.602827411626558,2.1403373616779895,4.649743684893476,5.324246598683164,0.0,bhb_EccFD,5682.768980571702,1.6824134106537028e-23,3.03159210635673e-22,tianqin_validated_mbhb
mbhb_0069,3.0759098521990493,1173609.7551968135,964986.4223532276,2138596.177550041,925552.7826536802,0.8222379015513553,26625.657367066025,0.033410735786386384,6.457697131297199e-05,0.000504452465551579,4.7846256096468585,1.212490787329512,2.5885654490864587,2.010270983287507,4.222408578063887,1.8089204339021445,0.0,bhb_EccFD,5526.638323500859,1.659799985566552e-23,2.472430248862303e-22,tianqin_validated_mbhb
mbhb_0070,1.914175969794416,2006330.3716431812,470586.1888917193,2476916.5605349005,805828.6413942495,0.2345506979024147,15014.626680432719,0.06728534588929279,6.679313217408467e-05,0.0006091811491329787,4.031578406304734,0.5450433061459489,2.2771840634452767,0.6940244137714815,5.405942890024493,5.020844866484059,0.0,bhb_EccFD,4548.876240735514,1.59703930710928e-23,2.37686708553723e-22,tianqin_validated_mbhb
mbhb_0071,1.2903763597396394,1763493.6227249557,1387780.2432273433,3151273.865952299,1359939.307708579,0.7869493971194187,9259.503183108067,0.041430994743936925,6.714868943840925e-05,0.0006092290519263034,3.1377618121826956,0.38057756009201943,1.620313659106904,1.8664761640744856,2.251357847676152,3.87268625702308,0.0,bhb_EccFD,11852.627633414611,1.5582916716730695e-23,2.5352138494473923e-22,tianqin_validated_mbhb
mbhb_0072,2.0953149112533542,1314272.7043478733,620385.5090316953,1934658.2133795687,775331.5016736112,0.47203712515624624,16761.502478536135,0.03898837974902524,8.085468217953885e-05,0.0007342847590538086,5.116463207259663,0.9407222104238001,1.5527548056950249,1.2497320763999238,5.0220174356513985,0.6964826061752636,0.0,bhb_EccFD,4798.9285794520165,1.5392540009836498e-23,2.8956628774967247e-22,tianqin_validated_mbhb
mbhb_0073,2.8282676813011842,1577305.5828444336,1174434.1406312964,2751739.72347573,1182293.3156872857,0.7445825041165334,24079.55181107723,0.02752450080000132,6.197285970666638e-05,0.0004174110626869524,6.258723394733842,0.9873732775802418,2.566885310471192,1.1964803501996146,2.737629424411901,0.8041583653922229,0.0,bhb_EccFD,8054.3749688113485,1.5338256272962158e-23,2.232975269880693e-22,tianqin_validated_mbhb
mbhb_0074,1.294804037320609,929521.7231790372,606873.5011473491,1536395.2243263863,650899.6550086308,0.6528879164564267,9298.607316790558,0.04938010321984332,9.952490264815578e-05,0.0012471682652172944,3.415431811935626,-0.3876179208105072,1.5654671486586629,0.5940157974150393,3.796129042274677,4.429891382917641,0.0,bhb_EccFD,4507.8488372488655,1.5237926758038738e-23,3.14599683415523e-22,tianqin_validated_mbhb
mbhb_0075,2.586367978488122,1665247.8910570224,922191.5005813842,2587439.3916384066,1069562.0066959427,0.5537863194626357,21625.399808118622,0.05264355880042898,5.3890047093119905e-05,0.0004738583866842001,1.7344481652629034,-0.5498971247222388,1.836668962152514,0.19811893472284423,4.97913639642999,3.1234371548066986,0.0,bhb_EccFD,6201.207391124642,1.5103005296440973e-23,2.4606940490485266e-22,tianqin_validated_mbhb
mbhb_0076,2.2905135207560474,1492247.95808335,1277148.010911255,2769395.968994605,1201081.0739625357,0.8558550902972115,18674.144797511355,0.0573641618973331,5.121690033272906e-05,0.0004825306114510761,2.3007951424270794,-0.8036429879636298,1.4490218763894782,1.541732235579149,6.122516775574849,1.660103969153408,0.0,bhb_EccFD,7296.167758307835,1.4037043731734907e-23,2.259911674765978e-22,tianqin_validated_mbhb
mbhb_0077,2.864254176377841,2022842.503348416,413681.1375964305,2436523.6409448464,752008.1506155609,0.2045048672408569,24447.516819975735,0.041623222838259276,7.000354021099222e-05,0.0004670219477558306,1.8236380629941518,0.5903184165119455,2.144977375565527,0.11033503691394936,5.528799506550021,1.5674774377878415,0.0,bhb_EccFD,4111.424346489552,1.394793932356274e-23,1.9342510662063067e-22,tianqin_validated_mbhb
mbhb_0078,3.2819545469442297,1392937.080657348,844633.112873225,2237570.193530573,938435.4998172438,0.6063684602858228,28767.487172647725,0.032909683535997346,6.243104402224201e-05,0.00045893891459072866,2.5304281292885555,-0.07034075830587982,1.274999146720889,0.7628035579718083,1.4020334887220316,3.8170146027889333,0.0,bhb_EccFD,5556.175292497111,1.379496183218877e-23,2.3207274386874535e-22,tianqin_validated_mbhb
mbhb_0079,2.5775877501770648,1526431.877051129,812819.668423648,2339251.545474777,960257.2473355844,0.53249652385006,21536.98317954284,0.05477185126558288,5.688278157566771e-05,0.0005254197402857506,2.490873201432962,0.9598185459008245,2.113249412728348,1.2762145033964334,2.150336305435446,2.9987526051019935,0.0,bhb_EccFD,5371.540180372488,1.362385641397913e-23,1.835928755017372e-22,tianqin_validated_mbhb
mbhb_0080,1.4911614938930329,3434366.849105621,639020.8795707007,4073387.728676322,1210112.8957343837,0.18606657577571098,11060.811004274401,0.060850687716154976,5.933475068956851e-05,0.00043332722159991307,1.3416260550862595,1.143071524321769,0.9226312558007306,2.4578484049584257,4.009002682610885,4.918728098778416,0.0,bhb_EccFD,8652.309817460604,1.3557394213872447e-23,1.7749825154742983e-22,tianqin_validated_mbhb
mbhb_0081,1.839752358913947,1234222.7676064319,759567.7066117991,1993790.474218231,837992.4853048334,0.6154218886148515,14305.490342569306,0.01584110639592301,0.00011394128181143565,0.0007766290289270931,4.011508087844778,-1.1433907326406378,2.0402484511847,0.1463773457148414,3.8399960085059743,5.643219909998202,0.0,bhb_EccFD,6968.708640925364,1.3442867136187905e-23,2.650517380837401e-22,tianqin_validated_mbhb
mbhb_0082,1.7921158503980652,1923802.1762271535,535409.2847635907,2459211.460990744,850253.8577855446,0.27830786937438845,13854.402517279234,0.12563418956565403,5.2490936230175085e-05,0.0006403896395029042,3.8786133710251725,-0.33057761945331243,2.1048685442953263,0.42220514606785525,1.0192169936732833,1.96314377620942,0.0,bhb_EccFD,4275.023305742994,1.2154317791919246e-23,2.102367483363578e-22,tianqin_validated_mbhb
mbhb_0083,2.464425111122594,1045876.358391361,1021219.4759564406,2067095.8343478015,899678.9069673541,0.9764246679475149,20401.84680621014,0.05032615738876772,6.239922217273284e-05,0.0006140190080604989,3.777978277573932,1.2949627862429025,2.0283318151905583,0.18307691193118253,2.629043899046862,3.288147403121957,0.0,bhb_EccFD,5128.391390935637,1.131197023084825e-23,1.8502419664831828e-22,tianqin_validated_mbhb
mbhb_0084,2.8774139319967684,1902949.1894042199,1055611.5755592105,2958560.7649634304,1223327.3997887752,0.5547239944381827,24582.25368693884,0.03220718482901619,5.674017978862294e-05,0.0003833107023990217,3.745902973587299,0.0015513822824286272,2.653990278909498,2.4039755797865676,3.7530921666026136,2.3469120298898085,0.0,bhb_EccFD,8043.533803674558,1.1138611385845642e-23,1.3702200096889963e-22,tianqin_validated_mbhb
mbhb_0085,1.9357060359832279,2376809.1397912605,1365083.954303503,3741893.0940947635,1556230.516654158,0.574334695811288,15220.739672923712,0.03166523120512589,5.845759999000291e-05,0.0004002853207872031,2.94348102197825,-1.114025326119912,1.7159402671764978,2.337983060379364,6.083871496510739,3.9950848626171394,0.0,bhb_EccFD,12448.080393818766,1.0462493128885019e-23,1.3986541619105385e-22,tianqin_validated_mbhb
mbhb_0086,1.3354953173309285,3063080.8086651647,368086.8554234002,3431167.664088565,839801.9327504105,0.12016883602356082,9659.348037075206,0.1417592606675743,5.652581452184032e-05,0.0005487223680397487,3.347096453708199,1.0951400730063252,2.0201255248502314,1.6364261309430745,3.6062322663195108,2.6259516613644798,0.0,bhb_EccFD,4686.081699875355,9.921025698613383e-24,1.5102140700643625e-22,tianqin_validated_mbhb
mbhb_0087,1.7317629178742597,1064093.781894773,832563.6012195935,1896657.3831143666,818164.4744997396,0.7824156248118407,13286.186370633197,0.06246252155439114,7.083802695219312e-05,0.000848675595806385,4.51334391582329,-1.2975928619390436,1.8330942434602746,1.3526450983935918,2.6867160593068946,1.6898437553350147,0.0,bhb_EccFD,4923.228615974972,9.756125975308287e-24,1.5844101841653109e-22,tianqin_validated_mbhb
mbhb_0088,3.25297674046282,2021987.6032258472,456063.26169983624,2478050.8649256835,794438.1716268577,0.2255519573771077,28465.054850939356,0.047997533426617486,6.0394619433413266e-05,0.00041722505561300944,0.4288478799577476,-0.6743470506900083,0.2786467557467507,2.0299965397604343,2.594085183366229,2.033860271397751,0.0,bhb_EccFD,4114.104564885672,9.148005279026817e-24,1.4583551660671197e-22,tianqin_validated_mbhb
mbhb_0089,1.4828068964440853,2437052.307704776,413229.91593932407,2850282.2236441,814434.9278700232,0.16956136502810878,10984.777359528569,0.15971897897487397,5.303258022967483e-05,0.0006213592930397206,6.214434869036087,1.1072464797421504,1.4253699849448918,2.1007023166490475,3.7211912625078525,0.12438903967670582,0.0,bhb_EccFD,4154.985081074204,8.949746067463089e-24,1.4142052271536145e-22,tianqin_validated_mbhb
mbhb_0090,2.1946805948369223,2629095.448326683,964597.7160614999,3593693.164388183,1353266.5617134457,0.3668933802595218,17731.44029621345,0.038857078836221165,5.603933665150969e-05,0.0003830056388739346,0.3714253194350217,0.8627687680416174,2.0068662938358655,1.2403317323906535,6.189938321249041,1.7392374991987254,0.0,bhb_EccFD,9475.510869518608,8.531956702400771e-24,1.259987612347993e-22,tianqin_validated_mbhb
mbhb_0091,1.1426735253354694,2746104.3064849125,1421510.7475053198,4167615.0539902323,1701777.5356843083,0.5176463050396259,7972.782180971234,0.027833191450726318,7.06404027681603e-05,0.0004924135597012269,0.7382467440835375,0.6627288585448289,1.7871705048829687,0.8840903708016165,4.795393111195761,5.574621108689682,0.0,bhb_EccFD,18514.991996960576,8.37538408495046e-24,1.0933817777353593e-22,tianqin_validated_mbhb
mbhb_0092,4.550326076012768,1007958.7041064644,924424.3613364914,1932383.0654429558,840175.142425438,0.9171252329786422,42328.74098864777,0.030396564184603264,5.8605266848217485e-05,0.0004099792571759799,3.777055351753916,0.5357806736420939,2.577281205764184,3.098026619901942,3.9609437492734907,5.64994265051822,0.0,bhb_EccFD,4639.48339677325,8.37156245529652e-24,1.4157639575897091e-22,tianqin_validated_mbhb
mbhb_0093,3.501626718647595,1202759.0637943845,1087152.3350426743,2289911.398837059,995216.7779947285,0.9038820556570974,31072.286304194702,0.03091454583752988,5.9711843718577444e-05,0.0004265652241026775,0.9429623920174157,-0.2862639352271519,1.965518546361413,2.0764382356810227,5.823869382435005,2.3069404267875666,0.0,bhb_EccFD,5986.124230966725,7.719482941090166e-24,1.015099898297579e-22,tianqin_validated_mbhb
mbhb_0094,1.9416593659019594,2464555.3836362357,411944.72071204334,2876500.104348279,816908.9145532851,0.1671476824774192,15277.807264228226,0.04840001731080768,7.449552904593145e-05,0.0005196570573490332,5.9443499161430315,-1.1821144536051806,1.2132629430461064,0.3627252918551677,2.73437882672041,0.30601913293891236,0.0,bhb_EccFD,4996.15389039848,7.351547319174006e-24,1.11508529481369e-22,tianqin_validated_mbhb
mbhb_0095,1.457287262691199,3206880.790834327,473163.44617214054,3680044.2370064678,989659.4901739786,0.14754631588567355,10753.082168790532,0.09035272909566258,5.851059076472879e-05,0.00048625562307779736,3.538130264345965,0.3147426549370521,1.3849472027061842,2.6252824160522192,1.871144559092608,5.668211653018706,0.0,bhb_EccFD,6163.956466274298,7.102968531815826e-24,9.636686827180628e-23,tianqin_validated_mbhb
mbhb_0096,2.6590747991574033,2044115.0891555294,598543.2921437679,2642658.3812992973,929292.3076976008,0.29281291220791283,22359.385978473623,0.04863392055329929,5.9857908654128116e-05,0.0004547380474819933,0.37114926976726603,-0.16675575222430017,1.3254385577010126,0.18417615767240328,4.141691375977349,1.1632461565026873,0.0,bhb_EccFD,5262.117434133584,6.848250872226188e-24,8.953345043694142e-23,tianqin_validated_mbhb
mbhb_0097,2.4217254066102933,1949534.3278013207,873672.5519508487,2823206.8797521694,1118456.7795986289,0.44814422577322566,19975.713116904597,0.03049638053686408,6.622816174744819e-05,0.0004551826995626963,4.074971530549801,-0.4617844389117921,1.3320631159081764,0.5908570483032916,5.376938620370457,5.213868349721305,0.0,bhb_EccFD,7673.027882682746,6.4101834763487545e-24,7.853411853710143e-23,tianqin_validated_mbhb
mbhb_0098,2.7049693887044133,1816461.9719345202,611008.7974677905,2427470.7694023107,891524.8691642255,0.3363730190382516,22824.345391802133,0.032697408186271405,7.07391334980537e-05,0.0004889168130697285,0.19233215269224954,0.6052538616630866,1.5986770257931369,1.1088280560320316,0.10751514034842417,6.276299466734091,0.0,bhb_EccFD,5489.991059539526,6.356884530167312e-24,1.1737505507879093e-22,tianqin_validated_mbhb
mbhb_0099,2.877154905112617,1117390.3888881186,784254.6240915374,1901645.012979656,812402.6324003703,0.7018626899699091,24579.60071736489,0.02331188032734557,8.272880517514239e-05,0.0005963908937829372,3.3424182648522596,-0.04621220935851602,1.7286279320704052,2.272664975967011,2.175197388316769,0.8152378447947924,0.0,bhb_EccFD,5228.0187397580685,6.011032578150539e-24,9.961879934567942e-23,tianqin_validated_mbhb
mbhb_0100,1.7364896791892066,2571578.4935845975,2073171.7375408364,4644750.231125434,2007745.059241302,0.8061864503505712,13330.552336546565,0.035194163304653185,5.0068036315414694e-05,0.00034595325870525267,0.6942633289552556,-0.11260886879529709,1.4145925854584007,0.8742061374862999,0.0628881264807472,3.1187150326726,0.0,bhb_EccFD,17432.627972031234,4.527422543294351e-24,4.575033340291063e-23,tianqin_validated_mbhb
