source_id,z,m1_Msun,m2_Msun,total_mass_Msun,chirp_mass_Msun,q,DL_Mpc,t_c_yr,f_gw_start_hz,f_gw_isco_hz,Lambda,Beta,iota,psi_rad,var_phi,phi_c,eccentricity,engine,score_proxy,signal_rss,signal_max,catalog_kind,population_model,population_weight,observer_rate_weight_proxy,original_row_number,original_m1_Msun,original_m2_Msun,spin1,spin2,spin_angle_alpha,spin_angle_beta,spin_angle_gamma,spin_plane_psi,final_spin,final_mass_Msun,kick_velocity_km_s,escape_velocity_halo_km_s,escape_velocity_baryon_km_s,cluster_mass_Msun,disk_stars_mass_Msun,disk_gas_mass_Msun,bulge_stars_mass_Msun,bulge_gas_mass_Msun,nuclear_star_cluster_mass_Msun,reservoir_mass_Msun,final_halo_mass_Msun
Q3nod_K16_100_stratifiedtc_0001,3.28849,74137.9,19293.2,93431.09999999999,31562.28488854393,0.2602339694002663,28835.748753312408,0.02872903593325642,0.0005468712849962286,0.010974323082463868,5.863970293003946,0.8442987481543051,1.2640367425711372,1.306127920283278,3.5806767582344006,2.4461836494659903,0.0,bhb_EccFD,82.75233227610178,,,K16_Q3nod_100_stratifiedtc_from_500,Q3nod,0.000124521,257.3169309360263,149,74137.9,19293.2,0.0979335,0.995469,0.100401,0.076239,0.0547862,4.55952,0.567267,90859.0,141107.0,125877.0,9519.54,7702610000.0,248181.0,55254300.0,1484140.0,33.3439,8143.17,0.0685146,100000000000.0
Q3nod_K16_100_stratifiedtc_0002,3.12445,47920.9,32354.0,80274.9,34147.25624775123,0.6751542646319246,27128.397710298646,0.03840197812239405,0.0004784563019540263,0.013280908634587918,1.529097944481588,-0.13958219039314196,0.8355428437539053,0.30092172884525964,3.164489747390049,5.04526837082692,0.0,bhb_EccFD,85.96872193274213,,,K16_Q3nod_100_stratifiedtc_from_500,Q3nod,2.40093e-05,52.28286720724735,83502,47920.9,32354.0,0.0980448,0.154751,0.0586756,0.10348,0.116885,5.75674,0.703458,76321.7,101934.0,210037.0,111269.0,27001800000.0,1.16288e-05,79.1106,7286800.0,854721000.0,26729.2,37.3945,630957000000.0
Q3nod_K16_100_stratifiedtc_0003,0.870826,33482.7,3102.71,36585.409999999996,7893.605339550609,0.09266606337003887,5708.5484991399235,0.03918277597162712,0.001944004804927713,0.06424395689127031,3.3514977956298293,0.2448062542959537,0.4276642421072768,2.9969348662148936,4.962036861826944,6.174175574763179,0.0,bhb_EccFD,24.2542139407693,,,K16_Q3nod_100_stratifiedtc_from_500,Q3nod,0.000231989,695.6286473042293,51256,33482.7,3102.71,0.594586,0.200956,0.10886,0.0877085,0.152264,0.77952,0.705344,36075.4,81786.9,92769.2,3223.21,3037150000.0,104025.0,891167.0,49688.4,18.5019,1582.54,0.0562564,31622800000.0
Q3nod_K16_100_stratifiedtc_0004,4.61302,63164.0,3704.78,66868.78,11389.234868909614,0.0586533468431385,43013.09764289519,0.04548524561123564,0.0007356438732651093,0.011715305439714389,4.524748032648593,-0.26749883720087986,1.1438986763183605,0.7863637370352433,4.079838766862556,0.47142122959603244,0.0,bhb_EccFD,19.36405286063068,,,K16_Q3nod_100_stratifiedtc_from_500,Q3nod,0.000101946,139.9646583158318,93249,63164.0,3704.78,0.402492,0.688212,0.0620914,0.0379784,0.100069,6.2776,0.513852,66427.9,36406.0,122053.0,6077.6,5848240000.0,850800.0,176973000.0,313741.0,3899.93,4836.15,0.0708481,79432800000.0
Q3nod_K16_100_stratifiedtc_0005,1.92153,118786.0,23867.2,142653.2,43720.36053737429,0.20092603505463608,15084.980880737061,0.07086681931431341,0.0004041812216038355,0.01055071123421521,4.948803535515332,0.1355011698169977,2.1102309622974116,0.9246049115259609,5.270327756005734,5.816044951065513,0.0,bhb_EccFD,117.3985678443231,,,K16_Q3nod_100_stratifiedtc_from_500,Q3nod,0.000101946,316.8877381565619,93196,118786.0,23867.2,0.933077,0.26546,0.108182,0.0431009,0.074962,2.28414,0.956952,136387.0,234342.0,176233.0,76921.6,23498500000.0,2057.27,29.1919,6541520.0,347595000.0,44699.8,163.795,79432800000.0
Q3nod_K16_100_stratifiedtc_0006,1.82918,203712.0,23634.6,227346.6,54726.94794736245,0.11601967483506126,14205.183569854335,0.08572782147447407,0.0003336888826743045,0.006836354300547123,0.6803395514325047,0.15747469953707405,1.7262578020584567,2.7606462766299913,4.589188917430675,3.7013432259526766,0.0,bhb_EccFD,151.19960441782,,,K16_Q3nod_100_stratifiedtc_from_500,Q3nod,0.000124521,395.13458933555853,170,203712.0,23634.6,0.998,0.193446,0.189729,0.0730167,0.161548,4.51559,0.998,221086.0,133266.0,186745.0,51177.0,47281300000.0,5.02832e-06,43.4645,44259500.0,67939100.0,103353.0,1.88642,100000000000.0
Q3nod_K16_100_stratifiedtc_0007,4.80674,54214.9,25206.5,79421.4,31724.239289228768,0.46493676092734654,45134.80149745985,0.087932740896981,0.0002965120248747714,0.009534626526774519,4.332155534148475,-0.3362753448937758,2.814549583794308,2.731690089426306,1.8700037884272431,5.824185393089109,0.0,bhb_EccFD,58.75651108308185,,,K16_Q3nod_100_stratifiedtc_from_500,Q3nod,1.95255e-05,25.333968998152574,93868,54214.9,25206.5,0.764707,0.0960835,0.21807,0.134144,0.118153,2.08763,0.854713,74362.1,327128.0,121905.0,5939.13,3863310000.0,220546.0,60064500.0,435117.0,17.9725,3608.69,0.0784,794328000000.0
Q3nod_K16_100_stratifiedtc_0008,0.839492,1458090.0,108297.0,1566387.0,302037.342568291,0.07427319301277699,5457.689133887679,0.09229357368798381,0.0001460537289859196,0.001526077649346543,4.238038317305109,-1.1666062696089192,1.3735206203035268,2.033798661680317,0.1863982469242856,5.972538310459562,0.0,bhb_EccFD,1908.082776885834,,,K16_Q3nod_100_stratifiedtc_from_500,Q3nod,1.28963e-05,37.8952346643229,9298,1458090.0,108297.0,0.971854,0.809479,0.0497634,0.165833,0.120816,6.1327,0.992776,1540720.0,67013.4,486276.0,352290.0,311654000000.0,2.67148e-05,248.429,2603520000.0,9425600000.0,1499390.0,510.228,1258930000000.0
Q3nod_K16_100_stratifiedtc_0009,0.535929,85049.0,1277.96,86326.96,6830.973394633972,0.015026161389316747,3164.0274568456475,0.1067646642556543,0.001652844995664533,0.03316316848753213,1.730684953253712,-1.1129161993858747,1.0858416592898334,0.7092216973673341,0.8880826783197981,3.653773221982177,0.0,bhb_EccFD,22.21624886320469,,,K16_Q3nod_100_stratifiedtc_from_500,Q3nod,0.000153766,314.12005049497304,71891,85049.0,1277.96,0.658389,0.374759,2.52659,1.46389,1.81134,2.53132,0.645878,86240.7,6963.74,178215.0,17844.9,45567800000.0,48495600.0,1052840000.0,2857030.0,20.1219,47389.1,0.00861882,50118700000.0
Q3nod_K16_100_stratifiedtc_0010,2.18488,208918.0,98185.9,307103.9,122958.32111721982,0.4699733866875999,17635.42641998423,0.1131958138418812,0.0001683479285158248,0.004495678024636829,0.5009399709157845,0.9544601195672048,2.08204132538497,2.2905360837306965,5.278294714763396,4.026577934912065,0.0,bhb_EccFD,362.3855592425761,,,K16_Q3nod_100_stratifiedtc_from_500,Q3nod,1.28963e-05,37.46307275122539,9615,208918.0,98185.9,0.0098374,0.682472,0.0414908,0.0893785,0.0656677,0.448594,0.664667,294102.0,104207.0,278942.0,27037.4,106637000000.0,59721300.0,7071840000.0,14039900.0,61.8484,68031.7,10050.4,1258930000000.0
Q3nod_K16_100_stratifiedtc_0011,1.94827,130828.0,33583.7,164411.7,55272.74105779666,0.2567011648882502,15341.213345683344,0.1221378555918962,0.0002830142279130583,0.009071385684908815,2.163951074640275,-0.25116619643078975,0.4425508938065027,0.3989897674890457,4.002581955835968,3.9258923986394496,0.0,bhb_EccFD,136.6080303178927,,,K16_Q3nod_100_stratifiedtc_from_500,Q3nod,0.000101397,313.19324574550336,8980,130828.0,33583.7,0.998,0.688997,0.0980549,0.169607,0.124097,5.67319,0.991419,155045.0,347557.0,185894.0,24841.0,32869300000.0,13293700.0,961120000.0,18214200.0,54.1066,34937.5,966.184,125893000000.0
Q3nod_K16_100_stratifiedtc_0012,13.6698,178848.0,95616.6,274464.6,112749.1205966417,0.5346249329039184,148604.44962511447,0.1262180557887901,6.567795672383179e-05,0.0010921016784546426,0.16534849167165472,-1.020027184930267,2.032959372953781,1.4759277779000388,2.099568703857318,2.1614065467011647,0.0,bhb_EccFD,253.4020956225131,,,K16_Q3nod_100_stratifiedtc_from_500,Q3nod,6.88948e-06,1.4573515541462339,41787,178848.0,95616.6,0.644349,0.025863,0.229068,0.117451,0.155997,1.97576,0.813581,257737.0,312786.0,80800.7,15835.5,256661000.0,6.33412e-08,24.8107,78115.6,9110150.0,311.342,547.319,2511890000000.0
Q3nod_K16_100_stratifiedtc_0013,4.36043,159723.0,23141.8,182864.8,48778.98213894165,0.14488708576723452,40263.01897086146,0.1443222347528838,0.0001978248497073411,0.004485840843949879,1.574013032412912,-1.1030338883802777,1.502365147424673,1.711669671299615,4.399957638287286,1.9437735953154165,0.0,bhb_EccFD,90.15742486837432,,,K16_Q3nod_100_stratifiedtc_from_500,Q3nod,5.47354e-05,81.00890732156438,40462,159723.0,23141.8,0.840672,0.796056,0.0410095,0.0518983,0.0855815,0.353088,0.909794,177406.0,155715.0,89308.1,2374.62,1887920000.0,13402.1,4828010.0,71287.6,15.6379,383.384,3.03021,251189000000.0
Q3nod_K16_100_stratifiedtc_0014,1.59679,2369620.0,178378.0,2547998.0,494734.4828504123,0.07527704864071033,12029.54834489137,0.1456363474048778,7.289441232100547e-05,0.0006645653481472169,3.4489881290456097,0.1378407694584546,1.3220516573292536,0.15587597652133417,2.568567339011664,0.5752923612793369,0.0,bhb_EccFD,2202.394887662316,,,K16_Q3nod_100_stratifiedtc_from_500,Q3nod,3.64807e-06,12.064880433230432,74803,2369620.0,178378.0,0.975623,0.698783,2.72388,2.04931,1.06877,3.61534,0.762918,2536650.0,56973.5,651775.0,265393.0,2282900000000.0,27918400000.0,88462800000.0,5407290000.0,25796400.0,4502910.0,490597.0,5011870000000.0
Q3nod_K16_100_stratifiedtc_0015,0.313274,700428.0,16628.5,717056.5,73895.71724343284,0.023740484389544677,1680.567728702522,0.1487289503743072,0.0003634281692176099,0.004669440890250912,5.958998889762192,0.7116630300895062,1.9009729998435876,0.5439057873158009,0.7153474639133348,4.4377251492313485,0.0,bhb_EccFD,621.0321205058339,,,K16_Q3nod_100_stratifiedtc_from_500,Q3nod,2.40093e-05,25.29749636561923,83398,700428.0,16628.5,0.633904,0.848481,0.185436,0.137161,0.0849351,1.93958,0.667811,715040.0,8517.77,387183.0,143403.0,457760000000.0,333883000.0,23256700000.0,1498070000.0,34.8485,177747.0,357.561,630957000000.0
Q3nod_K16_100_stratifiedtc_0016,4.119,202005.0,21262.6,223267.6,51288.73081540846,0.10525779064874631,37653.03886098756,0.1669516178123431,0.0001868315105290334,0.0038473595248203043,0.18206818439438016,-0.31205036237930034,1.2267680539660188,1.7889775024963483,1.5121527993061281,0.7070675107884918,0.0,bhb_EccFD,93.43548705083482,,,K16_Q3nod_100_stratifiedtc_from_500,Q3nod,0.000430244,685.134806221034,19297,202005.0,21262.6,0.269798,0.356094,0.206546,0.0561533,0.15985,3.82091,0.477266,220663.0,80792.0,97147.4,4613.68,4370040000.0,227124.0,33920100.0,96775.0,29.3927,3368.31,32.4525,15848900000.0
Q3nod_K16_100_stratifiedtc_0017,4.30816,88439.8,17025.8,105465.6,31771.00859186828,0.19251287316343998,39696.36363903351,0.1821994934609211,0.0002384303145700487,0.007854504133507204,2.754565923005307,-0.9042617338431244,1.0382553577072806,2.8334467662521314,4.604266500343502,0.12325272882884582,0.0,bhb_EccFD,49.86340529762141,,,K16_Q3nod_100_stratifiedtc_from_500,Q3nod,3.62675e-05,54.52752514347626,61827,88439.8,17025.8,0.643801,0.504868,0.20889,0.0763533,0.147609,2.36243,0.797738,102017.0,194772.0,242250.0,110269.0,30497300000.0,17463900.0,35533600.0,79856600.0,713087000.0,5204.5,151937.0,398107000000.0
Q3nod_K16_100_stratifiedtc_0018,5.55305,242785.0,59642.6,302427.6,100078.95606848945,0.24566015198632535,53400.002407076405,0.1836244500750438,0.0001017327284723904,0.0022187516872773055,0.8526600504304739,0.7781854397136521,1.8031164117055152,1.510687671370086,5.507122457907927,4.546304990834204,0.0,bhb_EccFD,202.0270855262022,,,K16_Q3nod_100_stratifiedtc_from_500,Q3nod,6.88948e-06,7.253918539352166,40654,242785.0,59642.6,0.183117,0.0504354,0.183554,0.168436,0.0502395,4.54494,0.566115,294401.0,181172.0,117149.0,7677.09,2732270000.0,186844.0,9108880.0,929912.0,0.0,4282.43,815.427,2511890000000.0
Q3nod_K16_100_stratifiedtc_0019,1.12328,2857480.0,355950.0,3213430.0,799888.6772496374,0.12456780099948206,7806.539024384211,0.1874191854846015,5.569904634674144e-05,0.0006444622637463724,3.6745581871738153,-0.2373645337617549,1.8928825112345475,0.9521557870490497,2.915996356368706,2.683288935467309,0.0,bhb_EccFD,4516.839598694609,,,K16_Q3nod_100_stratifiedtc_from_500,Q3nod,6.88948e-06,22.75712873107169,40806,2857480.0,355950.0,0.849821,0.998,2.16741,0.248389,2.40232,5.91328,0.893807,3135010.0,141196.0,713512.0,471564.0,1897010000000.0,5450900000.0,34581900000.0,24623600000.0,7015190.0,17345600.0,109550.0,2511890000000.0
Q3nod_K16_100_stratifiedtc_0020,12.1318,192436.0,144002.0,336438.0,144614.5193424832,0.7483111268161883,130078.97108767333,0.1892531019810626,5.175470194073445e-05,0.0009952777677411152,2.7179764691894275,0.795375481249467,1.2287096447418147,0.9951833217481229,1.6136636842492904,5.6209907633983125,0.0,bhb_EccFD,310.9231400852056,,,K16_Q3nod_100_stratifiedtc_from_500,Q3nod,0.000101946,27.341182270490453,93245,192436.0,144002.0,0.212958,0.915393,0.256233,0.156785,0.140029,2.0848,0.815983,314363.0,152321.0,63249.6,8668.64,211287000.0,755.415,1540140.0,31641.7,2204320.0,180.857,234.095,79432800000.0
Q3nod_K16_100_stratifiedtc_0021,3.28834,179814.0,155713.0,335527.0,145594.0173831602,0.8659670548455627,28834.181813104537,0.1947915612862173,0.0001026104927672019,0.0030560251258002664,4.024817591202699,-0.7069304172057645,1.9504230733605257,1.750103316557734,2.3568000489385934,6.000851072576741,0.0,bhb_EccFD,346.6901084020867,,,K16_Q3nod_100_stratifiedtc_from_500,Q3nod,0.000101397,209.54227757089103,9081,179814.0,155713.0,0.765783,0.71582,0.143971,0.0956075,0.149771,5.09853,0.896003,307919.0,152435.0,149237.0,18064.4,14384400000.0,558614.0,225601000.0,9041230.0,19.1946,17242.6,18.1417,125893000000.0
Q3nod_K16_100_stratifiedtc_0022,4.8712,35403.5,1104.13,36507.63,4393.019359780371,0.03118702953097858,45843.09737158413,0.2008583915846752,0.0007432947245352432,0.020514601742607316,0.2939109516322663,0.049374198358921255,2.1724835647807983,2.90056414658607,3.5600493886575264,4.415818594550904,0.0,bhb_EccFD,4.030108456675948,,,K16_Q3nod_100_stratifiedtc_from_500,Q3nod,0.000101397,129.13662408724014,8986,35403.5,1104.13,0.813963,0.589332,0.0252401,0.125005,0.149587,0.0420129,0.840958,36330.1,14937.7,116614.0,4893.16,4026860000.0,705894.0,140748000.0,442353.0,18.23,1201.88,0.106797,125893000000.0
Q3nod_K16_100_stratifiedtc_0023,7.73761,63358.4,11523.4,74881.8,22037.16118423766,0.18187643627364328,78243.97371821468,0.2247606463214809,0.0002028561812867935,0.006720547789929733,0.882065713872944,0.41998192674201335,2.075613598984305,2.0945768595723004,1.4622875107737723,4.6737447778725665,0.0,bhb_EccFD,28.33055653357021,,,K16_Q3nod_100_stratifiedtc_from_500,Q3nod,1.52745e-06,0.9405787831168237,11962,63358.4,11523.4,0.477639,0.673644,0.117594,0.132875,0.0745543,5.20444,0.697778,72896.6,161791.0,96097.7,3435.03,995176000.0,53053.1,36551800.0,94975.4,19.3523,1446.44,0.0872397,12589300000000.0
Q3nod_K16_100_stratifiedtc_0024,4.42212,143935.0,94022.2,237957.2,100818.0568402378,0.6532268037655886,40932.89117080269,0.2261693085448402,0.0001054256426414234,0.003408047430785742,4.102545332172165,1.1985068783106914,2.516471756202972,0.8894581684933173,0.02000353627227671,0.4700813603656917,0.0,bhb_EccFD,199.2526761969642,,,K16_Q3nod_100_stratifiedtc_from_500,Q3nod,0.0001252,181.90317763745833,82780,143935.0,94022.2,0.613203,0.0292203,0.144223,0.10999,0.122631,1.3359,0.802995,223148.0,257017.0,102065.0,23470.2,3157660000.0,0.0,6.33816,268648.0,22927400.0,741.186,76.9624,63095700000.0
Q3nod_K16_100_stratifiedtc_0025,6.64502,794161.0,73036.8,867197.8,186400.27216394644,0.0919672459362774,65713.56903355262,0.2331935218982515,5.7265311507769e-05,0.0006632493178632461,0.7508021789206666,-0.6689155579555662,0.6227829331638304,2.952411501760771,1.1881935620969597,2.2013046829837455,0.0,bhb_EccFD,407.9885514165543,,,K16_Q3nod_100_stratifiedtc_from_500,Q3nod,3.62675e-05,28.826867994170193,62115,794161.0,73036.8,0.654967,0.976503,0.100497,0.0801569,0.130271,5.40119,0.7558,854344.0,80379.2,113291.0,5811.58,2367240000.0,116868.0,42417800.0,470177.0,132056.0,846.492,1251.82,398107000000.0
Q3nod_K16_100_stratifiedtc_0026,5.18666,849316.0,113155.0,962471.0,247154.37484347328,0.1332307409727357,49325.13691028716,0.2478819010518684,5.355732614265237e-05,0.0007384646376834151,2.2726546778018135,-0.3394838643359047,1.0560287926984873,1.1713803898619797,2.099383018690999,5.813994946234729,0.0,bhb_EccFD,584.5906668257087,,,K16_Q3nod_100_stratifiedtc_from_500,Q3nod,1.905e-06,2.2184672974524617,2502,849316.0,113155.0,0.997993,0.991759,0.272507,0.158751,0.146615,4.0756,0.998,931846.0,148824.0,305273.0,49940.4,92153900000.0,280958.0,569372000.0,100018000.0,7.44928,118847.0,8.5113,10000000000000.0
Q3nod_K16_100_stratifiedtc_0027,4.30823,197490.0,56296.5,253786.5,88454.96189741697,0.2850600030381285,39697.121927779925,0.2626533404779647,0.0001096131055856066,0.003264039132254785,2.3621281692429585,-0.7064494473060077,2.362092567015585,1.3441728606708383,3.556743898501438,6.175161868162924,0.0,bhb_EccFD,163.6574777156611,,,K16_Q3nod_100_stratifiedtc_from_500,Q3nod,6.88948e-06,10.3579888715406,41039,197490.0,56296.5,0.722919,0.948541,0.167414,0.0686901,0.0989786,3.25365,0.874942,240930.0,236022.0,186707.0,66083.5,12396900000.0,1.97017e-05,214.868,7973510.0,248865000.0,8753.79,10.6413,2511890000000.0
Q3nod_K16_100_stratifiedtc_0028,2.36837,60182.1,1172.97,61355.07,5645.240575917024,0.01949034679746968,19444.98626892529,0.2639131771987767,0.0008117816531975109,0.021276655348548012,2.953846437538402,-0.996651945603691,1.7573486073807096,2.4373468621667467,2.7500476339596744,0.8380920849693232,0.0,bhb_EccFD,6.062553566651632,,,K16_Q3nod_100_stratifiedtc_from_500,Q3nod,0.000101397,279.4927171027865,9061,60182.1,1172.97,0.998,0.408282,0.149356,0.172063,0.139366,5.30003,0.998,61096.6,7267.93,185212.0,31201.9,28757100000.0,218113.0,114408000.0,28701000.0,19.6043,65793.5,1.4825,125893000000.0
Q3nod_K16_100_stratifiedtc_0029,1.91407,1883290.0,240764.0,2124054.0,535145.8224155761,0.1278422335381168,15013.613262474917,0.2816542305543252,5.042836166991223e-05,0.0007104083734607936,4.724227082590102,1.1794854734952536,2.7977469711951137,0.4077999203528926,0.681234222361857,0.29002935203208186,0.0,bhb_EccFD,1906.564696332594,,,K16_Q3nod_100_stratifiedtc_from_500,Q3nod,8.49747e-06,26.45940546270429,30890,1883290.0,240764.0,0.998,0.0150672,0.199121,0.137475,0.138135,1.61792,0.998,2060150.0,149536.0,429886.0,239640.0,301083000000.0,0.0,0.00470655,2697780000.0,1052490000.0,2521890.0,5985540.0,1995260000000.0
Q3nod_K16_100_stratifiedtc_0030,5.73565,47733.2,1635.29,49368.49,6262.665701864893,0.03425896441051512,55442.23715096426,0.2995312022036824,0.0004704879969953825,0.013223433917687289,3.172184314860785,0.8554858381978387,0.8580689758009562,0.7548154842760703,2.642659948078722,2.44817176525484,0.0,bhb_EccFD,5.577285236964723,,,K16_Q3nod_100_stratifiedtc_from_500,Q3nod,5.47354e-05,54.87575190277535,40224,47733.2,1635.29,0.758615,0.698364,0.202913,0.163219,0.135329,4.7944,0.793104,49120.6,17058.6,90074.4,4586.47,1488480000.0,88503.8,17415600.0,153190.0,18.8628,2854.04,0.406376,251189000000.0
Q3nod_K16_100_stratifiedtc_0031,3.90546,320722.0,45459.3,366181.3,96718.97043723337,0.14174051047324476,35360.886795391554,0.3047321817722171,0.0001029999563039468,0.002447922727008536,0.19269945039505695,0.044304094681273484,1.6661268519051626,2.905015194532044,1.3412037824838854,4.925068603391151,0.0,bhb_EccFD,179.3441513906407,,,K16_Q3nod_100_stratifiedtc_from_500,Q3nod,0.000153766,261.5275018299158,71888,320722.0,45459.3,0.602015,0.940301,0.049105,0.165041,0.141353,5.99954,0.752454,357775.0,144734.0,95167.4,6209.62,2826450000.0,260506.0,31178400.0,320073.0,18.7664,5091.28,63.1069,50118700000.0
Q3nod_K16_100_stratifiedtc_0032,6.21773,98316.9,4313.76,102630.65999999999,14936.02627624439,0.04387607827341994,60867.483804284166,0.3059202373883207,0.0002596723134662951,0.0059360267797314015,4.801120637462279,-0.4565623075666406,1.8499939338980036,2.3071811735789964,3.605096192716477,0.6471844312285928,0.0,bhb_EccFD,16.32893715309207,,,K16_Q3nod_100_stratifiedtc_from_500,Q3nod,4.45584e-05,39.40516132201243,51653,98316.9,4313.76,0.958639,0.998,0.109124,0.0941471,0.147771,5.45214,0.976999,101697.0,28698.4,174882.0,24635.1,13804200000.0,370391.0,141509000.0,9313480.0,21.9819,22892.2,51344.7,316228000000.0
Q3nod_K16_100_stratifiedtc_0033,3.33762,140258.0,6920.89,147178.89,22839.39778076508,0.049343994638451995,29349.520919840004,0.317968762538152,0.000269818530323915,0.006887737375218548,0.8843695891345029,0.359356229276477,1.9099130764202943,0.941120532897697,4.787284548338593,3.621059721428957,0.0,bhb_EccFD,30.17683931044117,,,K16_Q3nod_100_stratifiedtc_from_500,Q3nod,0.000284992,579.7646138300177,40156,140258.0,6920.89,0.721194,0.277537,0.240435,0.138724,0.137206,2.11864,0.772342,146081.0,32885.5,92225.1,14424.3,3884760000.0,0.0,3.6168,164159.0,7232730.0,703.918,1.19657,25118900000.0
Q3nod_K16_100_stratifiedtc_0034,0.936631,431369.0,26304.4,457673.4,79582.07609972244,0.06097888350808705,6242.706547660215,0.3194236478013717,0.0002043499560896972,0.004961020869409216,2.364704426826697,0.45385607483091767,2.4971907346465927,1.2175817181521686,1.918277221779448,3.521968903198194,0.0,bhb_EccFD,246.2145338644416,,,K16_Q3nod_100_stratifiedtc_from_500,Q3nod,0.000153766,477.791149829788,71857,431369.0,26304.4,0.344618,0.998,0.155485,0.079743,0.0939056,2.21633,0.469792,454689.0,37467.5,205721.0,107091.0,44422900000.0,4.93038e-07,21.5281,35755700.0,727427000.0,90294.6,19.706,50118700000.0
Q3nod_K16_100_stratifiedtc_0035,9.92179,310663.0,74706.9,385369.9,126536.14239380595,0.24047569230967317,103769.78727757852,0.3395265609605913,5.070264579827001e-05,0.0010447250139622795,1.958922390271667,-0.24882566743357706,0.8982110503138482,1.8314694842668975,5.60421342808538,4.478386580132314,0.0,bhb_EccFD,226.358518162143,,,K16_Q3nod_100_stratifiedtc_from_500,Q3nod,8.25661e-05,32.535012996718734,19428,310663.0,74706.9,0.679064,0.184012,0.100963,0.167849,0.0852023,0.490939,0.820147,369791.0,237498.0,125116.0,5180.34,2674580000.0,80467.5,76585300.0,406319.0,19.2001,1404.02,664.684,158489000000.0
Q3nod_K16_100_stratifiedtc_0036,3.12447,1313620.0,128136.0,1441756.0,319084.85784101766,0.09754419086189309,27128.605092876616,0.3417507169711457,5.214810544946431e-05,0.0007394583014062468,6.255961277459987,0.565190237854435,2.4046732146136374,1.8755027736201597,6.002254047336171,1.2561334406431912,0.0,bhb_EccFD,813.183953619053,,,K16_Q3nod_100_stratifiedtc_from_500,Q3nod,8.49747e-06,18.50404873654255,30162,1313620.0,128136.0,0.998,0.998,0.212651,0.124881,0.0948786,2.62756,0.998,1408530.0,106457.0,430419.0,224534.0,224187000000.0,0.0,0.0332383,1518530000.0,1874650000.0,1871830.0,2982700.0,1995260000000.0
Q3nod_K16_100_stratifiedtc_0037,4.46078,233899.0,174339.0,408238.0,175416.7513714588,0.7453601768284601,41353.28292200761,0.3440938692935183,6.343714035184241e-05,0.0019724477032253304,0.20430864949290656,0.9457626765651773,0.5707069009558484,1.2247655622014588,6.094015989917014,5.913993295593948,0.0,bhb_EccFD,358.0376070844247,,,K16_Q3nod_100_stratifiedtc_from_500,Q3nod,2.40093e-05,34.48296474812278,83256,233899.0,174339.0,0.419978,0.219021,0.147266,0.142769,0.0798134,1.34849,0.781855,383690.0,193524.0,262662.0,145881.0,40486800000.0,1.86399e-05,474.147,13720000.0,1608260000.0,10167.2,27316.6,630957000000.0
Q3nod_K16_100_stratifiedtc_0038,3.2883,357220.0,10392.8,367612.8,42532.69253080684,0.029093555791948937,28833.763964566213,0.3453357659168297,0.0001786304244891423,0.0027893166582265557,6.072424633108587,0.8705214303165186,1.9025158956308286,1.5688574147971324,4.460269286122789,5.773367456022973,0.0,bhb_EccFD,64.52811949468598,,,K16_Q3nod_100_stratifiedtc_from_500,Q3nod,5.47354e-05,113.11505075832481,40343,357220.0,10392.8,0.427151,0.399421,0.195703,0.167428,0.150194,4.95519,0.484493,366556.0,11215.5,167300.0,9475.37,17151700000.0,4221540.0,755921000.0,1957000.0,16.6024,5099.49,1.29875,251189000000.0
Q3nod_K16_100_stratifiedtc_0039,1.73287,270790.0,24599.2,295389.2,63103.46993774129,0.09084235016064109,13296.575482952681,0.3520837950720739,0.0001836596026977314,0.005447033164349136,4.649911753973111,1.0527686780572307,2.6223417356604553,0.46500145245552427,4.090377483268963,4.922251734409719,0.0,bhb_EccFD,129.8343617050063,,,K16_Q3nod_100_stratifiedtc_from_500,Q3nod,0.000430244,1391.7634016068146,19299,270790.0,24599.2,0.514155,0.604234,0.0327106,0.0612456,0.0288663,6.17265,0.645054,291672.0,74321.5,108746.0,5776.04,7488160000.0,410487.0,22902800.0,451516.0,39.6159,3091.32,0.180418,15848900000.0
Q3nod_K16_100_stratifiedtc_0040,4.80677,364825.0,102043.0,466868.0,161689.51711885855,0.27970396765572536,45135.1308788655,0.3532026959460485,6.361092766846106e-05,0.0016219776788562459,5.905540163371323,1.3641332969514588,0.8936474808222221,1.179137719492691,2.7744860567115897,3.3886993259900695,0.0,bhb_EccFD,317.8341759812046,,,K16_Q3nod_100_stratifiedtc_from_500,Q3nod,3.76699e-07,0.48875562490024727,75615,364825.0,102043.0,0.549958,0.998,0.183978,0.103941,0.146142,1.62888,0.796372,446650.0,209712.0,314418.0,154663.0,53587100000.0,11244800.0,604701000.0,69377500.0,1603950000.0,74239.1,392434.0,50118700000000.0
Q3nod_K16_100_stratifiedtc_0041,6.00201,848648.0,14807.4,863455.4,74520.51683581604,0.017448223527304605,58433.99902239125,0.3612790011571352,9.105386867031997e-05,0.000727295614352053,3.8836686107223612,-0.12970283994530774,2.589988608273689,2.7661564022397895,3.196781043017565,0.16020675883806978,0.0,bhb_EccFD,117.1379540846088,,,K16_Q3nod_100_stratifiedtc_from_500,Q3nod,3.64807e-06,3.4101472816040364,73722,848648.0,14807.4,0.90209,0.693237,0.0720895,0.0823428,0.0649021,0.998442,0.913821,860899.0,5338.55,220734.0,25215.5,24727900000.0,4079760.0,193563000.0,25392700.0,9.45292,3683.43,5592.28,5011870000000.0
Q3nod_K16_100_stratifiedtc_0042,2.52794,177076.0,5295.75,182371.75,21431.90589495856,0.029906650251869255,21037.94831272468,0.3741031672038665,0.0003005664685397151,0.006834312755994708,3.0332489088733547,0.03658081007922342,2.556684897019487,1.275171485222105,2.4636785664134835,5.150066283517316,0.0,bhb_EccFD,28.83546386842276,,,K16_Q3nod_100_stratifiedtc_from_500,Q3nod,0.000188862,496.2357630869909,61689,177076.0,5295.75,0.858716,0.998,0.215896,0.104653,0.113677,3.44018,0.881276,181465.0,13894.0,118300.0,8926.87,8167610000.0,773626.0,92989300.0,877224.0,28.0418,9744.48,13.4504,39810700000.0
Q3nod_K16_100_stratifiedtc_0043,1.70158,167465.0,8073.81,175538.81,26898.4290912859,0.04821192487982564,13003.442774521865,0.3747601611689666,0.0003079130092235932,0.009272196417062332,2.909612776950034,0.6418436481517761,1.9788533304203817,1.4727054556659984,1.2013812410541331,1.6374321962245657,0.0,bhb_EccFD,44.37464833338226,,,K16_Q3nod_100_stratifiedtc_from_500,Q3nod,0.000430244,1399.657104561564,19315,167465.0,8073.81,0.801708,0.6907,0.14917,0.16735,0.0764986,5.18096,0.841547,174141.0,32941.6,113334.0,9659.7,8120510000.0,303480.0,14525400.0,2064270.0,21.0942,5197.05,0.0668484,15848900000.0
Q3nod_K16_100_stratifiedtc_0044,0.414587,6727150.0,196978.0,6924128.0,804037.4611004838,0.029281047694789026,2330.800245210422,0.3821779011367205,5.478166561126508e-05,0.00044893023432176235,2.357971296040875,0.9151652041891553,1.8030474286854543,0.811871121846646,1.0444491786723107,2.4858354238908453,0.0,bhb_EccFD,7669.405082043031,,,K16_Q3nod_100_stratifiedtc_from_500,Q3nod,1.58724e-05,24.24272853112355,480,6727150.0,196978.0,0.703474,0.998,0.0119423,0.132091,0.125,6.20818,0.738745,6897040.0,13041.9,439654.0,178802.0,691047000000.0,1954570000.0,25516100000.0,2490010000.0,22.8535,303162.0,843.926,1000000000000.0
Q3nod_K16_100_stratifiedtc_0045,5.73581,86962.4,7191.05,94153.45,19182.581304226573,0.08269148505561025,55444.02980380808,0.3852075457165571,0.0002126816132912401,0.006933420477501167,1.3208603870579827,0.4422865388063776,1.5906037578772019,2.3819748983930737,5.745034678057229,5.889409577215369,0.0,bhb_EccFD,21.22234167212798,,,K16_Q3nod_100_stratifiedtc_from_500,Q3nod,0.000284992,285.7106119106022,40093,86962.4,7191.05,0.708627,0.948365,0.16564,0.122094,0.138749,4.90933,0.789659,92856.4,71210.0,45025.0,703.105,130466000.0,0.0,0.00231338,2937.39,1977.73,15.5866,8.42346,25118900000.0
Q3nod_K16_100_stratifiedtc_0046,1.70071,327755.0,50795.9,378550.9,104040.38114559105,0.1549813122606825,12995.307313188265,0.3944545569030369,0.0001297185967922967,0.004301019085995465,4.579327218574509,0.021438570271416258,1.927221169534378,1.0193817908515646,1.115710801571928,0.5907539002071849,0.0,bhb_EccFD,237.6921025714942,,,K16_Q3nod_100_stratifiedtc_from_500,Q3nod,0.000101397,329.91212300624005,9100,327755.0,50795.9,0.998,0.552772,0.320176,0.640802,0.547164,0.55349,0.985791,366976.0,254060.0,224141.0,52377.2,78896900000.0,1828860.0,523912000.0,102730000.0,14.3282,161355.0,0.0276778,125893000000.0
Q3nod_K16_100_stratifiedtc_0047,1.04777,294683.0,18540.8,313223.8,55375.69375909548,0.06291777944435206,7165.735449535677,0.4036700116264925,0.0002267466516796699,0.006855476950458211,2.1531876054675974,-0.9905063262796054,2.6917103651385776,2.059732433049873,0.6633294675525037,2.681051772837216,0.0,bhb_EccFD,137.8585624171314,,,K16_Q3nod_100_stratifiedtc_from_500,Q3nod,8.25661e-05,267.6890630832947,19360,294683.0,18540.8,0.998,0.570419,1.7111,1.73615,0.32671,1.52006,0.872247,311886.0,137883.0,250619.0,83987.2,123238000000.0,53778700.0,1278110000.0,344430000.0,17.9344,309004.0,0.0115101,158489000000.0
Q3nod_K16_100_stratifiedtc_0048,2.97862,190636.0,12369.6,203005.6,36478.31254498541,0.06488596067899033,25621.55764498561,0.411153345924998,0.0001930056849978378,0.005444188145975147,3.9248545713033014,-1.1992780502305356,1.3865273834305134,1.640015304100542,2.0193746791101197,0.4054083819937039,0.0,bhb_EccFD,52.24601946253912,,,K16_Q3nod_100_stratifiedtc_from_500,Q3nod,0.000101946,232.57270193213333,93326,190636.0,12369.6,0.726567,0.136788,0.109705,0.15322,0.0442734,0.156685,0.787916,200890.0,51577.2,106137.0,3677.02,3375460000.0,130691.0,8597690.0,218471.0,29.8645,702.877,49.4239,79432800000.0
Q3nod_K16_100_stratifiedtc_0049,5.50645,614550.0,15422.6,629972.6,67013.84836108102,0.025095761126027176,52880.00287997837,0.4172588918575998,9.651193619836021e-05,0.0010727730332191858,2.865048673238716,0.6723291360902699,1.6912759529260912,1.0365820442638538,3.2446282299679186,6.1128046406669245,0.0,bhb_EccFD,99.75705993329078,,,K16_Q3nod_100_stratifiedtc_from_500,Q3nod,6.72286e-05,71.68472986439932,29861,614550.0,15422.6,0.400214,0.0413411,0.115931,0.161234,0.173662,0.706253,0.452093,628491.0,8573.11,141204.0,9284.28,5987570000.0,725033.0,109338000.0,1981830.0,31.0384,4107.78,100.557,199526000000.0
Q3nod_K16_100_stratifiedtc_0050,1.75048,1884840.0,76931.2,1961771.2,274344.66995873814,0.040815772161032236,13462.003998105876,0.4253719944068527,6.800988908725813e-05,0.0008149233455364505,1.773559256977333,1.2071259500646419,1.2941135482003785,2.860272263322792,5.446380655252896,5.215058470352179,0.0,bhb_EccFD,774.0696262076451,,,K16_Q3nod_100_stratifiedtc_from_500,Q3nod,2.40093e-05,77.4086553954622,82840,1884840.0,76931.2,0.977809,0.998,2.5352,1.90626,1.38428,3.75136,0.866928,1957160.0,62140.3,359937.0,81226.2,328361000000.0,2936140000.0,12155700000.0,252255000.0,21.1198,485949.0,0.0386611,630957000000.0
Q3nod_K16_100_stratifiedtc_0051,6.64509,213998.0,10735.9,224733.9,35189.66930309234,0.050168225871269824,65714.36562795931,0.4351031879864969,0.0001284784596500535,0.0025593071759269117,5.300093575596852,0.12372594967599204,1.0454511425214017,1.6295288174748515,4.052785763846445,6.159648173790294,0.0,bhb_EccFD,43.43997242303484,,,K16_Q3nod_100_stratifiedtc_from_500,Q3nod,4.45584e-05,35.41620151142266,51394,213998.0,10735.9,0.838914,0.268393,0.158455,0.101688,0.100456,4.47981,0.87443,222752.0,35108.9,184585.0,12197.3,13689600000.0,954579.0,331704000.0,4595890.0,9.20847,2668.92,0.207128,316228000000.0
Q3nod_K16_100_stratifiedtc_0052,3.28829,77640.7,1620.62,79261.31999999999,7586.651272273441,0.02087333061139325,28833.65950243163,0.43654779984551,0.0004805130573194523,0.012936838522919082,0.5074131391194147,0.05619328754580343,1.8260566200930475,1.3980855447546212,1.118051444437409,3.786533856424131,0.0,bhb_EccFD,7.05441186432255,,,K16_Q3nod_100_stratifiedtc_from_500,Q3nod,0.000350144,723.6026911199906,29802,77640.7,1620.62,0.945916,0.819526,0.168831,0.113341,0.124155,1.58178,0.956868,78948.1,7727.29,101445.0,4883.12,4619200000.0,445655.0,51607100.0,277571.0,29.9986,2142.67,284.224,19952600000.0
Q3nod_K16_100_stratifiedtc_0053,3.75641,58749.1,1546.77,60295.869999999995,6591.718639377392,0.026328403328731844,33770.68295060599,0.4393109997476985,0.0004905833373231673,0.015332280497995851,4.097678572115627,0.6530412657538676,0.12071663807421619,0.9379185981692908,5.5837944323127155,2.6361056480998344,0.0,bhb_EccFD,5.742027401274473,,,K16_Q3nod_100_stratifiedtc_from_500,Q3nod,0.000284992,507.7935670965507,40130,58749.1,1546.77,0.880189,0.726736,0.120249,0.0665086,0.108726,4.83493,0.898709,60026.0,11171.1,120908.0,13946.9,6925370000.0,268049.0,73865700.0,3452120.0,26.7756,1226.83,17104.0,25118900000.0
Q3nod_K16_100_stratifiedtc_0054,4.46088,341200.0,25991.9,367191.9,71734.75369810755,0.07617790152403282,41354.370918884146,0.4424790893645672,0.000100947624430885,0.0021928952138605164,0.669263921128655,0.5437664648599182,1.7008896455118785,1.4119069980173378,2.1484205393833657,5.919097809343106,0.0,bhb_EccFD,109.9502930804263,,,K16_Q3nod_100_stratifiedtc_from_500,Q3nod,1.58724e-05,22.79579584141383,445,341200.0,25991.9,0.53996,0.443245,0.193842,0.0687491,0.149881,4.18281,0.648659,363358.0,58471.9,254450.0,31619.8,49250700000.0,167755000.0,2068470000.0,13494500.0,312545.0,134971.0,1.50125,1000000000000.0
Q3nod_K16_100_stratifiedtc_0055,6.4314,89323.6,5720.87,95044.47,16961.7870949858,0.06404656776036792,63286.63761697131,0.4545101563611282,0.0002030057258023882,0.006225526899060571,1.230079670434285,-1.0103132490448916,1.4249576100376713,1.2060937253542339,3.309936756791972,2.6457165203627775,0.0,bhb_EccFD,17.2953987293407,,,K16_Q3nod_100_stratifiedtc_from_500,Q3nod,2.95127e-05,24.7306222023604,72197,89323.6,5720.87,0.437785,0.112292,0.251249,0.114626,0.136778,3.21179,0.548951,94324.4,43241.3,73215.2,1649.97,550957000.0,15376.7,2433200.0,30690.8,18.3224,179.4,5.74906,501187000000.0
Q3nod_K16_100_stratifiedtc_0056,2.57357,1167540.0,52915.6,1220455.6,180804.36002394836,0.04532230159138016,21496.54067905438,0.4677247442952109,7.231612767598872e-05,0.0010082061151331703,4.718202265703392,0.5329828825994801,2.7798827760256652,0.5705982137643111,6.1063354520125515,3.6614794865558005,0.0,bhb_EccFD,389.9182112232659,,,K16_Q3nod_100_stratifiedtc_from_500,Q3nod,1.52745e-06,3.9576716012406403,11511,1167540.0,52915.6,0.998,0.90225,0.19392,0.113162,0.0807861,3.17577,0.998,1208080.0,30369.3,378737.0,117182.0,196454000000.0,369530000.0,4097040000.0,661562000.0,796443.0,782158.0,41252.3,12589300000000.0
Q3nod_K16_100_stratifiedtc_0057,2.86863,458159.0,12930.8,471089.8,53575.2529063307,0.028223389696590048,24492.308459472722,0.4693014226822617,0.0001469960605220437,0.0024127521371803545,0.7416175257279536,0.5185577018698173,1.56044756366554,2.170854589713564,5.110790885481789,0.8326629037807038,0.0,bhb_EccFD,82.5486139338006,,,K16_Q3nod_100_stratifiedtc_from_500,Q3nod,0.000430244,1016.4471724364746,19317,458159.0,12930.8,0.0493354,0.344522,0.232114,0.124295,0.135634,2.20918,0.13554,470153.0,8902.71,82549.6,5069.76,1772190000.0,0.0,4.48104e-05,139656.0,324922.0,1309.19,96.0219,15848900000.0
Q3nod_K16_100_stratifiedtc_0058,5.8681,180632.0,27048.6,207680.6,56219.17954476167,0.14974423136542805,56928.0766144045,0.4708842928076882,9.951361795040464e-05,0.0030827695855699315,0.5515714848186508,-0.9141450091047075,2.206644211479333,2.888549229755918,3.782078704496983,6.099969120227399,0.0,bhb_EccFD,77.23195379660504,,,K16_Q3nod_100_stratifiedtc_from_500,Q3nod,3.62675e-05,35.10908328529093,62064,180632.0,27048.6,0.85022,0.307062,0.0976347,0.0581867,0.046293,2.40893,0.90975,201276.0,168215.0,142909.0,6832.59,7643090000.0,831757.0,311664000.0,619348.0,22.9535,4550.13,109.847,398107000000.0
Q3nod_K16_100_stratifiedtc_0059,2.21626,434557.0,72766.5,507323.5,144188.27488442254,0.16744983972183167,17943.109687645345,0.4882670701606472,8.754952924652154e-05,0.00269486786591351,1.1110793769588903,1.2695496562063269,1.4940759598445739,1.3208675367510287,0.9061069107311508,0.4220842878433708,0.0,bhb_EccFD,305.3092696845853,,,K16_Q3nod_100_stratifiedtc_from_500,Q3nod,0.000124521,358.5833450949188,30,434557.0,72766.5,0.0760834,0.998,0.22444,0.168832,0.0877325,4.2114,0.442438,498836.0,111760.0,166782.0,25213.9,28552700000.0,2803060.0,336630000.0,16564700.0,27.5995,47014.8,0.888262,100000000000.0
Q3nod_K16_100_stratifiedtc_0060,10.6521,142623.0,65544.5,208167.5,82937.87579327944,0.4595647265868759,112417.69990542914,0.4987950680346418,5.488858526858789e-05,0.0018128274788949245,5.969904313579059,-0.8996089391074678,0.843082371873804,0.21627012465842313,3.743479103835054,5.723252451728311,0.0,bhb_EccFD,121.3617549963591,,,K16_Q3nod_100_stratifiedtc_from_500,Q3nod,3.62675e-05,12.503589222438942,61907,142623.0,65544.5,0.463208,0.504155,0.252894,0.126059,0.141678,3.81002,0.789431,196718.0,212488.0,147390.0,9804.89,3638210000.0,735618.0,90308600.0,1717620.0,0.0,7736.03,122.792,398107000000.0
Q3nod_K16_100_stratifiedtc_0061,5.35833,387555.0,18881.5,406436.5,62635.90572185019,0.048719536581904505,51230.46261496326,0.4997156778471088,9.545548888261867e-05,0.0017015230561095796,4.062360730200057,0.16161777386811632,1.0674005623092775,1.0726527316859458,0.6491982434448342,0.8345753426841844,0.0,bhb_EccFD,87.89207207775684,,,K16_Q3nod_100_stratifiedtc_from_500,Q3nod,0.000430244,477.7293301348671,19308,387555.0,18881.5,0.734823,0.650829,0.170445,0.154829,0.14747,5.08248,0.784194,403406.0,32681.9,84442.0,3612.73,1897400000.0,30026.4,2064880.0,185829.0,0.878887,548.735,373.562,15848900000.0
Q3nod_K16_100_stratifiedtc_0062,3.95266,161239.0,2016.76,163255.76,11606.489595710076,0.012507892011237975,35866.155621901176,0.5065780074779482,0.000318398884931954,0.005438342777572754,1.9042837441598808,-1.3469924198204737,1.565728176762914,2.1365509268317995,5.4487961903883475,2.0737950310955857,0.0,bhb_EccFD,11.13085517398316,,,K16_Q3nod_100_stratifiedtc_from_500,Q3nod,0.000350144,586.8769847362157,29814,161239.0,2016.76,0.604283,0.792414,0.149843,0.0396539,0.168012,5.29552,0.624219,163041.0,2497.98,91441.1,4092.55,2579760000.0,438881.0,49582100.0,37832.3,20.8288,3023.82,0.121287,19952600000.0
Q3nod_K16_100_stratifiedtc_0063,10.0005,120344.0,14950.0,135294.0,33634.39914308991,0.12422721531609386,104699.41299581727,0.5092545797146775,9.924368291088831e-05,0.0029544908067851232,5.935092858542637,0.906785474848863,2.344463003605612,0.8572979863698859,5.644386572786562,2.9820598476685762,0.0,bhb_EccFD,39.04072133514933,,,K16_Q3nod_100_stratifiedtc_from_500,Q3nod,2.94317e-06,1.1427821620210903,85449,120344.0,14950.0,0.648949,0.0523632,0.0399597,0.127759,0.162258,6.14254,0.763962,132516.0,127675.0,126753.0,25484.5,1665630000.0,1.98613e-06,42.0281,445757.0,26903500.0,3833.77,180.621,6309570000000.0
Q3nod_K16_100_stratifiedtc_0064,2.47148,354009.0,23820.2,377829.2,69201.69314321339,0.0672869898787884,20472.370600545884,0.5396066929807608,0.0001272044846309459,0.0033524585666601593,5.964226810793721,-0.02094460167514915,1.9542908775857062,1.6093384859426543,6.095916125720167,0.2964793086911146,0.0,bhb_EccFD,114.6971060530339,,,K16_Q3nod_100_stratifiedtc_from_500,Q3nod,4.45584e-05,119.10111941617849,51507,354009.0,23820.2,0.931928,0.804766,0.322424,0.165802,0.169878,3.70304,0.959274,372576.0,58608.1,207018.0,59233.7,37196600000.0,8424520.0,17191800.0,64165800.0,123814000.0,24686.3,17257.4,316228000000.0
Q3nod_K16_100_stratifiedtc_0065,1.70148,670618.0,8804.14,679422.14,49690.04026160253,0.013128397985142062,13002.507625485307,0.5457650558661287,0.0001822340177789541,0.0023956984603361983,4.294313727114612,-0.08317835974793683,0.6074178184424777,0.28886569004302576,4.028947020506739,1.0470537309002736,0.0,bhb_EccFD,86.9983518626139,,,K16_Q3nod_100_stratifiedtc_from_500,Q3nod,5.47354e-05,178.06671931219472,40345,670618.0,8804.14,0.998,0.719729,1.90106,2.26108,1.63231,2.06263,0.941601,679009.0,3640.0,273470.0,74548.8,123491000000.0,39112000.0,4552250000.0,332284000.0,25.9928,33327.3,0.0184892,251189000000.0
Q3nod_K16_100_stratifiedtc_0066,0.592696,3437140.0,201718.0,3638858.0,619972.0398201935,0.05868774620760283,3571.910249409126,0.5470716695739414,5.231109765996e-05,0.0007587096495798165,1.5931843601297944,0.3528604357277757,0.5130503248075766,0.26624072499310647,5.145260957563804,0.4555665613863692,0.0,bhb_EccFD,3834.160944784997,,,K16_Q3nod_100_stratifiedtc_from_500,Q3nod,6.88948e-06,15.536729699280471,40808,3437140.0,201718.0,0.835453,0.998,0.593062,2.83254,2.37851,0.837104,0.557397,3627120.0,41603.6,1166920.0,1019170.0,2127930000000.0,23627100000.0,57095200000.0,25254100000.0,24.1362,30030700000.0,0.0184455,2511890000000.0
Q3nod_K16_100_stratifiedtc_0067,0.610401,716356.0,53986.6,770342.6,149662.20687096726,0.07536280843602901,3701.29293086179,0.5482281334047118,0.0001261934121468325,0.0035445055337809555,2.8125089336488123,-0.0001906877724328019,1.1407468421192817,0.2573366003323667,4.305468081634561,1.8724417189164353,0.0,bhb_EccFD,634.4751619835085,,,K16_Q3nod_100_stratifiedtc_from_500,Q3nod,0.000101397,234.9541292834796,8982,716356.0,53986.6,0.314597,0.998,0.0901102,0.0960752,0.079966,5.22157,0.469351,764030.0,50954.3,213897.0,31157.0,83251400000.0,79451500.0,2294480000.0,32875900.0,21325.0,48223.5,0.113322,125893000000.0
Q3nod_K16_100_stratifiedtc_0068,1.18449,1477240.0,37380.9,1514620.9,161882.42379268742,0.02530455443935989,8333.44643480049,0.5580752503351187,9.864444928734687e-05,0.001328983530837255,4.810216150072572,-1.3028183858198183,1.6435154498875921,0.9413432035544049,0.17606088137967593,3.239493086130182,0.0,bhb_EccFD,453.0436548234012,,,K16_Q3nod_100_stratifiedtc_from_500,Q3nod,4.45584e-05,148.69068937444032,51327,1477240.0,37380.9,0.998,0.936503,2.09421,1.60036,0.785673,2.31508,0.95005,1512110.0,20219.8,313000.0,96769.9,202270000000.0,1130460.0,202200000.0,607641000.0,18.4409,61198.2,0.0340384,316228000000.0
Q3nod_K16_100_stratifiedtc_0069,1.59646,578404.0,4547.84,582951.84,31542.44419775921,0.007862739538454091,12026.501058527212,0.5679196480930463,0.0002444952017459611,0.002905087993605908,1.111283777916268,-0.22633265770828448,0.5103975300086018,3.1227702058361064,2.117153918645721,1.7132584994021696,0.0,bhb_EccFD,50.21528125568165,,,K16_Q3nod_100_stratifiedtc_from_500,Q3nod,4.45584e-05,147.37000789092716,51566,578404.0,4547.84,0.998,0.196217,0.115123,0.147642,0.0463798,0.675244,0.998,581899.0,1177.29,250464.0,79667.5,101142000000.0,4509060.0,926353000.0,269640000.0,28.293,381543.0,128.388,316228000000.0
Q3nod_K16_100_stratifiedtc_0070,4.87133,220993.0,21458.7,242451.7,53538.24228202493,0.09710126565094822,45844.52696525722,0.5687287249934589,0.0001054292766911778,0.0030889571299336327,4.049368915401753,0.4249176133919313,2.0224910199179864,2.5016939553349746,1.7678946174254178,5.025864428595143,0.0,bhb_EccFD,70.74368113361507,,,K16_Q3nod_100_stratifiedtc_from_500,Q3nod,0.000231989,295.4442031780325,51209,220993.0,21458.7,0.203207,0.70677,0.13201,0.149246,0.140814,5.337,0.416552,240044.0,68982.1,83262.8,2401.43,1876350000.0,48650.4,11026800.0,54883.3,19.8611,559.762,11.2674,31622800000.0
Q3nod_K16_100_stratifiedtc_0071,5.43263,436256.0,15207.5,451463.5,57830.242584040454,0.034859119416122644,52057.27168899134,0.5746742847062122,9.452640373933948e-05,0.0015141272979304183,5.810344163497486,-1.3494879774709505,1.1901134696805653,3.062579254431242,5.826166012288918,5.921866265042468,0.0,bhb_EccFD,76.69964085658452,,,K16_Q3nod_100_stratifiedtc_from_500,Q3nod,0.000350144,380.94149658064725,29813,436256.0,15207.5,0.787042,0.197638,0.20514,0.0482632,0.168386,2.34905,0.819304,449035.0,18014.5,81385.7,6276.13,1250880000.0,0.0,0.000212527,163225.0,720967.0,1110.6,229.737,19952600000.0
Q3nod_K16_100_stratifiedtc_0072,3.618,635181.0,106246.0,741427.0,210626.19045065736,0.16726885722337412,32301.570683766447,0.5770408400369325,5.176004472800265e-05,0.0012842550418059272,3.8765133060733645,-1.0264151958113419,0.8675808986441534,0.8825488367657686,1.9553445945516525,0.2060682810576135,0.0,bhb_EccFD,410.5662919368576,,,K16_Q3nod_100_stratifiedtc_from_500,Q3nod,1.58724e-05,29.539711931816687,940,635181.0,106246.0,0.997852,0.761274,0.228423,0.155291,0.0802421,2.62225,0.998,712015.0,218039.0,269186.0,104836.0,73825100000.0,1.00203e-05,210.121,84741700.0,649585000.0,63276.9,2495.01,1000000000000.0
Q3nod_K16_100_stratifiedtc_0073,2.8897,775068.0,25910.9,800978.9,100223.40831555115,0.033430486099284194,24708.13012578623,0.6043624999255524,9.008161746671645e-05,0.0014113555087722416,3.0972997359825363,0.24762721742356972,2.4000647120532497,0.06855557638264471,0.8242114202024329,4.996275233558888,0.0,bhb_EccFD,169.1971441137002,,,K16_Q3nod_100_stratifiedtc_from_500,Q3nod,4.45584e-05,104.5676945925941,51484,775068.0,25910.9,0.0882297,0.137648,0.242278,0.091509,0.171437,3.97998,0.18519,798980.0,12293.9,175951.0,13452.8,18965400000.0,6628080.0,717666000.0,3302800.0,12.6668,16187.1,155.445,316228000000.0
Q3nod_K16_100_stratifiedtc_0074,4.71021,241187.0,15693.7,256880.7,46227.5897016841,0.0650685982246141,44076.24583601899,0.6120938383793,0.0001143927376921242,0.002997712984520829,5.910783392411488,-0.6861775344475408,2.0334884029999167,1.5416918257859196,4.189044800517539,0.6305494786314764,0.0,bhb_EccFD,58.07420272452837,,,K16_Q3nod_100_stratifiedtc_from_500,Q3nod,1.04721e-05,13.97382505953919,20316,241187.0,15693.7,0.625051,0.993963,0.181767,0.173482,0.057309,1.5553,0.707117,254471.0,48050.6,192779.0,78706.6,16174400000.0,1.16099e-05,132.564,3730780.0,384233000.0,5801.36,109.372,1584890000000.0
Q3nod_K16_100_stratifiedtc_0075,1.12333,1056140.0,50891.1,1107031.1,169584.45237847927,0.048185941257787794,7806.966776907377,0.615061352661368,9.404363727799111e-05,0.0018706661502088196,3.7326650387862754,-1.1299887697801398,2.6827528461965136,1.1042970679851036,5.831419758108505,0.13159212037310972,0.0,bhb_EccFD,482.7732103373897,,,K16_Q3nod_100_stratifiedtc_from_500,Q3nod,3.62675e-05,119.79894452592895,61831,1056140.0,50891.1,0.998,0.90377,0.264105,0.139305,0.145475,3.90623,0.998,1095140.0,35571.1,429025.0,285289.0,301651000000.0,6.72332e-05,478.728,1959490000.0,5268280000.0,1126820.0,355.082,398107000000.0
Q3nod_K16_100_stratifiedtc_0076,4.11901,473212.0,46625.2,519837.2,115619.8504273187,0.09852920044293044,37653.14657016263,0.6173449409250295,6.88401154236382e-05,0.0016524193524492673,2.6329650669576794,-0.16625929309367946,2.1699835365991897,1.3067088385034316,1.8738130903358918,2.060266439466285,0.0,bhb_EccFD,186.1188756571802,,,K16_Q3nod_100_stratifiedtc_from_500,Q3nod,6.72286e-05,107.05672333439395,30102,473212.0,46625.2,0.353726,0.0292383,0.158519,0.0676771,0.13022,4.50579,0.528238,513756.0,78610.3,170225.0,62022.6,12117200000.0,9.14509e-07,32.9381,3079620.0,219153000.0,5690.27,145.27,199526000000.0
Q3nod_K16_100_stratifiedtc_0077,1.18455,616284.0,3185.76,619469.76,26145.22276407794,0.005169305060653855,8333.966054327992,0.6193612228375135,0.0002964664643185056,0.0032493126797066506,4.817285169349582,0.4211762918392666,1.764980859834796,2.232477552101256,1.30057379447883,4.712051317768422,0.0,bhb_EccFD,45.19140895707691,,,K16_Q3nod_100_stratifiedtc_from_500,Q3nod,2.40093e-05,80.11930570260834,83509,616284.0,3185.76,0.998,0.998,0.131189,0.0774844,0.163389,5.36896,0.998,618658.0,518.469,341595.0,131302.0,300396000000.0,963526000.0,5354620000.0,1031400000.0,52765400.0,293252.0,188199.0,630957000000.0
Q3nod_K16_100_stratifiedtc_0078,1.94725,332059.0,25459.8,357518.8,70078.10819526708,0.07667251904029103,15331.427406565906,0.6286559820660689,0.000132022074425969,0.004173089940987093,3.8327875115018304,0.32922627615210437,2.4903433801845796,1.001316924880157,1.3154242122258708,4.630598564596443,0.0,bhb_EccFD,122.0433218416421,,,K16_Q3nod_100_stratifiedtc_from_500,Q3nod,0.000101397,313.26967634460783,9073,332059.0,25459.8,0.0450784,0.738824,0.293035,0.165383,0.144895,2.47267,0.253836,355217.0,45404.6,133469.0,8784.93,10029800000.0,1168940.0,117921000.0,1638310.0,16.2916,4402.44,0.0673093,125893000000.0
Q3nod_K16_100_stratifiedtc_0079,2.52841,603601.0,1576.53,605177.53,17009.625626835506,0.0026118744004731604,21042.665145460895,0.6311285799039776,0.0002854044372019643,0.0020592627641382783,3.1523234440579038,0.6222074666930142,1.1810671593467181,1.162885998454638,1.2643742734285834,3.800222724286864,0.0,bhb_EccFD,18.95233547660214,,,K16_Q3nod_100_stratifiedtc_from_500,Q3nod,0.000101397,266.382869319008,9049,603601.0,1576.53,0.69316,0.618516,0.299516,0.170776,0.129175,3.03328,0.696698,605012.0,121.625,134745.0,10341.9,11440000000.0,588000.0,80184700.0,3032700.0,9.72797,1094.66,1374.4,125893000000.0
Q3nod_K16_100_stratifiedtc_0080,7.49302,187755.0,35252.5,223007.5,66497.44603729529,0.18775798247716438,75422.98647362622,0.6426111309638289,6.982782283200625e-05,0.0023216245598778385,3.066578518790665,0.17844210211289038,2.3269546411250235,2.6553543399074706,2.1654814471136112,4.997916793142228,0.0,bhb_EccFD,86.75485671763104,,,K16_Q3nod_100_stratifiedtc_from_500,Q3nod,3.62675e-05,23.597251469924903,61952,187755.0,35252.5,0.566366,0.770564,0.14756,0.157687,0.129994,1.06446,0.755193,216363.0,171977.0,122652.0,9031.87,2472290000.0,4738.81,720495.0,1787680.0,9.72999,3758.76,651.536,398107000000.0
Q3nod_K16_100_stratifiedtc_0081,13.0705,180237.0,25595.0,205832.0,54412.27340277813,0.14200746794498356,141367.34273577697,0.646633392226032,5.760036545240411e-05,0.0015182775866012033,5.115686754496173,0.04169044507231581,1.3441167914597052,0.43176608164494545,0.47307259286640396,1.8532272179486198,0.0,bhb_EccFD,67.59974660637756,,,K16_Q3nod_100_stratifiedtc_from_500,Q3nod,0.0001252,28.97456009968039,82720,180237.0,25595.0,0.916036,0.394994,0.141749,0.109037,0.0562922,4.28885,0.952762,199428.0,168817.0,52746.9,1713.24,99314200.0,303.496,847881.0,22782.7,9.93945,148.461,166.918,63095700000.0
Q3nod_K16_100_stratifiedtc_0082,2.07153,240689.0,13326.8,254015.8,41950.49864419755,0.05536937707996626,16530.517095670493,0.6565295104634268,0.0001744408776474548,0.005635832963687125,4.656287966850689,-1.2439133906873232,1.6569868150518319,2.9106464565320977,5.798968464196735,3.710373243219113,0.0,bhb_EccFD,62.08197879659397,,,K16_Q3nod_100_stratifiedtc_from_500,Q3nod,0.000188862,565.6133640320439,61637,240689.0,13326.8,0.605051,0.998,0.207738,0.147001,0.115966,4.46982,0.680471,252095.0,35976.9,166470.0,14447.3,23869500000.0,13408600.0,836982000.0,4273910.0,56.0213,16695.4,136.851,39810700000.0
Q3nod_K16_100_stratifiedtc_0083,2.47096,3147510.0,34044.8,3181554.8,207722.17526144054,0.01081642314083196,20467.171321342932,0.6618058102398151,5.928492544802487e-05,0.00039818471829254843,1.069601255784358,1.0727428696272578,0.80727604262438,0.8617073480078926,3.9320732191008845,1.5597117583954692,0.0,bhb_EccFD,430.6513486829498,,,K16_Q3nod_100_stratifiedtc_from_500,Q3nod,1.95255e-05,52.19832685798637,93619,3147510.0,34044.8,0.765383,0.790292,0.70267,1.18813,1.2814,5.54317,0.762031,3178940.0,1744.73,349427.0,166285.0,249025000000.0,1213130.0,146300000.0,1623200000.0,8.60404,1313280.0,530265.0,794328000000.0
Q3nod_K16_100_stratifiedtc_0084,2.67633,651310.0,10649.9,661959.9,55019.11867226754,0.016351506962890176,22534.051629073845,0.6652109171095479,0.0001309517183553057,0.001806872197502569,3.530372214169774,-0.5995934513034646,2.5274454063950564,1.9838843863003977,4.591103559239503,2.3603824734624017,0.0,bhb_EccFD,79.75936946215683,,,K16_Q3nod_100_stratifiedtc_from_500,Q3nod,8.49747e-06,21.327442212020074,31472,651310.0,10649.9,0.998,0.961138,0.0570005,0.114084,0.117277,0.498183,0.998,659516.0,4885.13,288805.0,49794.5,156322000000.0,57609800.0,979342000.0,115576000.0,19.4211,62973.0,0.0638287,1995260000000.0
Q3nod_K16_100_stratifiedtc_0085,3.61806,354255.0,25707.5,379962.5,72389.7959703719,0.07256778309409888,32302.205902563233,0.6679106301798694,9.551488946627187e-05,0.002505955171087911,3.291115630245839,-0.08922858744492548,1.6966437913554997,1.636253294357839,0.45594421990193534,5.312227268028554,0.0,bhb_EccFD,104.1621838715528,,,K16_Q3nod_100_stratifiedtc_from_500,Q3nod,2.95127e-05,54.9242801458161,71967,354255.0,25707.5,0.998,0.353207,0.135404,0.107343,0.112147,1.33094,0.998,373613.0,68276.5,252239.0,93273.6,54085600000.0,45945.8,467045.0,58238100.0,508457000.0,32666.7,217.765,501187000000.0
Q3nod_K16_100_stratifiedtc_0086,4.42207,334248.0,58704.1,392952.1,113965.76973202506,0.17563037026399558,40932.347761958714,0.6821448156376277,6.454834356881934e-05,0.0020638060020765204,4.39143293528848,-1.2024173514360277,2.4700481362886726,2.9093686824256006,3.0037109218880484,5.933423755397823,0.0,bhb_EccFD,176.2338489788735,,,K16_Q3nod_100_stratifiedtc_from_500,Q3nod,8.25661e-05,119.96214400867053,19503,334248.0,58704.1,0.319844,0.655253,0.180666,0.111418,0.165238,1.3804,0.597306,384307.0,142030.0,182138.0,11573.6,30302700000.0,2725440.0,915350000.0,2464480.0,19.4697,11296.4,7.16928,158489000000.0
Q3nod_K16_100_stratifiedtc_0087,4.46078,550018.0,37462.4,587480.4,108289.11966738028,0.06811122545080343,41353.28292200761,0.6876544146982965,6.614735913857092e-05,0.001370646757694899,4.445747707979454,-1.0645681726890033,2.4598179291491444,2.005087992243131,0.6820543100016838,3.8692051187216263,0.0,bhb_EccFD,164.7773521865706,,,K16_Q3nod_100_stratifiedtc_from_500,Q3nod,3.62675e-05,52.08860416599164,61883,550018.0,37462.4,0.906111,0.585042,0.260776,0.112648,0.159662,2.54992,0.938268,579410.0,59753.5,222190.0,29717.9,32833000000.0,417373.0,404123000.0,39817300.0,26.5531,2646.56,0.712158,398107000000.0
Q3nod_K16_100_stratifiedtc_0088,1.43512,542876.0,14817.9,557693.9,62231.92030430658,0.02729518343047031,10552.511977198159,0.6921250204167991,0.0001545337526167039,0.003237854608522591,0.3639328186104801,0.9993887907910777,1.4043361616757672,0.33887731113113073,2.6714274759807566,5.577102938539261,0.0,bhb_EccFD,117.5481134409323,,,K16_Q3nod_100_stratifiedtc_from_500,Q3nod,0.000124521,418.53599229573626,89,542876.0,14817.9,0.998,0.0119328,0.0463531,0.108092,0.128874,0.35368,0.998,554319.0,12803.3,223085.0,68277.2,72927800000.0,1205980.0,19815800.0,218226000.0,13.1646,187020.0,428.175,100000000000.0
Q3nod_K16_100_stratifiedtc_0089,2.36862,303185.0,7331.53,310516.53,32338.841016009435,0.024181704239985488,19447.46841285886,0.6983824824329944,0.0001893022344788357,0.004203749786090166,1.7825389968456464,0.7801564561755056,1.9639911381579267,2.689455008451698,4.619482760419877,5.514095870195692,0.0,bhb_EccFD,42.12451130226709,,,K16_Q3nod_100_stratifiedtc_from_500,Q3nod,5.47354e-05,150.86264197950555,40466,303185.0,7331.53,0.224297,0.944619,0.159603,0.152704,0.0895658,4.92634,0.287089,309919.0,7260.23,148779.0,9563.23,12826800000.0,1657610.0,189563000.0,677556.0,16.9099,13555.7,0.164428,251189000000.0
Q3nod_K16_100_stratifiedtc_0090,10.0004,200325.0,49872.2,250197.2,83195.4773174019,0.2489564457756146,104698.23153662594,0.6999283707936563,5.001362311377491e-05,0.0015976538224392164,3.8526677451950255,0.33539786055464327,1.6853110663225803,2.6297096606012467,2.2497919295879236,5.016822296669592,0.0,bhb_EccFD,111.8492794385546,,,K16_Q3nod_100_stratifiedtc_from_500,Q3nod,1.04721e-05,4.0662117855951845,20292,200325.0,49872.2,0.00117522,0.992222,0.0474849,0.100298,0.0802732,0.485199,0.506062,244140.0,129005.0,110900.0,6169.89,1319160000.0,84583.7,11872700.0,816742.0,96.7566,560.785,955.559,1584890000000.0
Q3nod_K16_100_stratifiedtc_0091,3.95264,382498.0,5233.86,387731.86,29051.225967526985,0.013683365664657068,35865.94135574234,0.7084827386126422,0.0001582347242940519,0.0022898411510894837,0.5736045360674301,0.07911496171186909,1.1482840439390163,0.9357423329207043,0.7140848876382089,0.21471400537304783,0.0,bhb_EccFD,32.22461009865918,,,K16_Q3nod_100_stratifiedtc_from_500,Q3nod,0.000231989,388.83958570254975,51231,382498.0,5233.86,0.412731,0.0619768,0.240359,0.109703,0.141714,3.74055,0.441856,387270.0,2748.55,133114.0,8277.2,10020900000.0,1775020.0,280215000.0,620809.0,5807.29,9139.27,4.37591,31622800000.0
Q3nod_K16_100_stratifiedtc_0092,2.09338,843748.0,81483.7,925231.7,203760.5000351808,0.09657350298904412,16742.694256847877,0.7321408477608853,6.208436657910268e-05,0.001536348808715172,2.8293335977133935,-0.7691137182441988,1.9193827093870084,1.5770211954370137,2.048800603625129,4.391964868312733,0.0,bhb_EccFD,433.9285997100433,,,K16_Q3nod_100_stratifiedtc_from_500,Q3nod,2.95127e-05,87.8805976465762,72466,843748.0,81483.7,0.998,0.694878,0.0786177,0.140883,0.0898086,5.7443,0.998,904262.0,99916.6,251203.0,61795.0,82912400000.0,17035200.0,47956800.0,184050000.0,9.86473,116594.0,2109.96,501187000000.0
Q3nod_K16_100_stratifiedtc_0093,7.49302,768021.0,22590.0,790611.0,92040.9357004457,0.02941325823122024,75422.98647362622,0.7363641845363974,5.415197608488932e-05,0.0006548602144884868,0.07761791851903618,1.054278239684425,1.2654862399990048,0.8405371758085703,0.3885325476180529,0.655659231529736,0.0,bhb_EccFD,125.886096721717,,,K16_Q3nod_100_stratifiedtc_from_500,Q3nod,2.95127e-05,19.202277616501075,71985,768021.0,22590.0,0.181251,0.184625,0.152981,0.155498,0.139312,1.08938,0.259505,788773.0,10227.4,109173.0,15639.4,1775070000.0,2490.03,1974070.0,1227130.0,9.79888,2200.46,5668.07,501187000000.0
Q3nod_K16_100_stratifiedtc_0094,1.92113,158104.0,1962.75,160066.75,11329.858365389598,0.012414296918484035,15081.152897780348,0.743262800967138,0.00038939290616418,0.009404194294972665,4.459685768817532,-0.5431063538854387,2.141541742848466,0.7177002219212224,2.438823453936791,1.7021445299299962,0.0,bhb_EccFD,12.06284526090171,,,K16_Q3nod_100_stratifiedtc_from_500,Q3nod,0.000430244,1337.4904478885626,19285,158104.0,1962.75,0.292017,0.234556,0.146974,0.116056,0.163489,5.22177,0.322917,159913.0,2164.79,113817.0,9517.8,7643430000.0,1558030.0,82628100.0,800723.0,34.0655,12527.1,7.8618,15848900000.0
Q3nod_K16_100_stratifiedtc_0095,1.94718,321015.0,22406.7,343421.7,64117.471671091356,0.06979954207747302,15330.755855281806,0.7451089674623969,0.0001309496103792378,0.004344494084864851,5.808422612767034,-0.6773047181785394,1.1783240345952477,0.4247831113350989,2.089762676994793,0.9322780572104575,0.0,bhb_EccFD,104.6672923381132,,,K16_Q3nod_100_stratifiedtc_from_500,Q3nod,8.25661e-05,255.0952035846569,19337,321015.0,22406.7,0.998,0.998,0.285816,0.131242,0.162844,3.61819,0.998,337916.0,62825.8,248085.0,116931.0,79169500000.0,5.19882e-05,376.418,121339000.0,824282000.0,84237.7,38.1951,158489000000.0
Q3nod_K16_100_stratifiedtc_0096,2.94484,662651.0,14252.5,676903.5,65917.41874049467,0.021508305276835015,25274.06186370952,0.7590799483725593,0.00010651842279832,0.0016467112496773093,5.509317641625125,-0.1295732660628597,1.8091894038754275,0.9674527162872759,2.9152174041388905,3.151727290217816,0.0,bhb_EccFD,94.18695359047702,,,K16_Q3nod_100_stratifiedtc_from_500,Q3nod,1.58724e-05,36.601710152231966,471,662651.0,14252.5,0.998,0.365552,0.0322743,0.0743678,0.0540326,0.398245,0.998,673610.0,8065.56,260542.0,61979.1,90869700000.0,5239580.0,386256000.0,177567000.0,1838.51,142985.0,932.033,1000000000000.0
Q3nod_K16_100_stratifiedtc_0097,5.36984,124756.0,4289.07,129045.07,16402.364625139093,0.03437966911411074,51358.461202293365,0.7602945606476659,0.0001882179182769908,0.005349382641249568,0.38339986314751884,-0.07535463495447577,1.9862671415400794,2.9309891764672917,2.3547588791255043,0.20085462672246573,0.0,bhb_EccFD,14.82132226697306,,,K16_Q3nod_100_stratifiedtc_from_500,Q3nod,1.28963e-05,14.2743537400927,10170,124756.0,4289.07,0.942755,0.802627,0.209656,0.14569,0.092163,2.13143,0.959247,128184.0,18973.0,147756.0,48167.2,5698760000.0,96019.5,4196.01,3420520.0,113658000.0,5482.0,19326.9,1258930000000.0
Q3nod_K16_100_stratifiedtc_0098,2.47084,674245.0,34588.4,708833.4,112341.46673511171,0.05129945346276205,20465.97151339068,0.7696267061491561,8.226437686087283e-05,0.0017872892296288113,4.105141591482752,-0.304919748414045,2.7418910204780342,0.8405688395084581,3.862838576132381,5.762008383330456,0.0,bhb_EccFD,192.3386878658868,,,K16_Q3nod_100_stratifiedtc_from_500,Q3nod,1.58724e-05,42.4338803170673,473,674245.0,34588.4,0.998,0.998,0.155916,0.0822744,0.128419,4.66095,0.998,700587.0,37715.4,417262.0,266839.0,250966000000.0,6.14492e-05,749.151,586428000.0,6060420000.0,42923.7,4268.37,1000000000000.0
Q3nod_K16_100_stratifiedtc_0099,3.23897,129388.0,1679.29,131067.29,9521.666301648313,0.012978715182242556,28319.009532510307,0.7715727951044681,0.0003391769930770168,0.00791441724654843,4.0954890989591135,0.5864481538376783,0.6424388304801317,0.3429604728908876,5.287244071542608,2.0694201224813082,0.0,bhb_EccFD,8.156334546286057,,,K16_Q3nod_100_stratifiedtc_from_500,Q3nod,0.0001252,262.84295095414325,82734,129388.0,1679.29,0.88522,0.642193,0.183688,0.0207212,0.173081,4.22513,0.894915,130793.0,2984.22,140910.0,17924.8,12373200000.0,2595590.0,140676000.0,11388700.0,17.6967,5122.02,0.0731336,63095700000.0
Q3nod_K16_100_stratifiedtc_0100,1.31399,902138.0,59693.1,961831.1,174621.81700650725,0.06616847976695361,9468.392085320773,0.7811719747244886,8.000342040133763e-05,0.0019756650266729275,1.8037045559472857,-0.8393868684034408,1.7034117711302939,2.269084384692273,2.5001640643665652,1.3395584344120475,0.0,bhb_EccFD,433.0746575982744,,,K16_Q3nod_100_stratifiedtc_from_500,Q3nod,1.95255e-05,65.79100857068794,93390,902138.0,59693.1,0.998,0.961025,0.142715,0.0257033,0.146249,1.34577,0.998,947083.0,56569.4,437877.0,232819.0,440726000000.0,104347000.0,7010290000.0,4242490000.0,30.5229,1532670.0,2116.56,794328000000.0
